estadio;tempo;planta;hibrid_tolerancia;n_pulverizacoes;n_pulverizacoes_caracter;n_cigarrinha
V1-V2;0;1;baixa;0;a_0;0
V1-V2;0;2;baixa;0;a_0;0
V1-V2;0;3;baixa;0;a_0;0
V1-V2;0;4;baixa;0;a_0;0
V1-V2;0;5;baixa;0;a_0;0
V1-V2;0;6;baixa;0;a_0;0
V1-V2;0;7;baixa;0;a_0;1
V1-V2;0;8;baixa;0;a_0;0
V1-V2;0;9;baixa;0;a_0;0
V1-V2;0;10;baixa;0;a_0;0
V1-V2;0;11;baixa;0;a_0;0
V1-V2;0;12;baixa;0;a_0;0
V1-V2;0;13;baixa;0;a_0;0
V1-V2;0;14;baixa;0;a_0;0
V1-V2;0;15;baixa;0;a_0;0
V1-V2;0;16;baixa;0;a_0;0
V1-V2;0;17;baixa;0;a_0;0
V1-V2;0;18;baixa;0;a_0;1
V1-V2;0;19;baixa;0;a_0;0
V1-V2;0;20;baixa;0;a_0;0
V1-V2;0;21;baixa;0;a_0;0
V1-V2;0;22;baixa;0;a_0;0
V1-V2;0;23;baixa;0;a_0;1
V1-V2;0;24;baixa;0;a_0;2
V1-V2;0;25;baixa;0;a_0;0
V1-V2;0;26;baixa;0;a_0;0
V1-V2;0;27;baixa;0;a_0;0
V1-V2;0;28;baixa;0;a_0;0
V1-V2;0;29;baixa;0;a_0;1
V1-V2;0;30;baixa;0;a_0;0
V1-V2;0;31;baixa;0;a_0;0
V1-V2;0;32;baixa;0;a_0;0
V1-V2;0;33;baixa;0;a_0;0
V1-V2;0;34;baixa;0;a_0;0
V1-V2;0;35;baixa;0;a_0;0
V1-V2;0;36;baixa;0;a_0;0
V1-V2;0;37;baixa;0;a_0;0
V1-V2;0;38;baixa;0;a_0;0
V1-V2;0;39;baixa;0;a_0;0
V1-V2;0;40;baixa;0;a_0;0
V3-V4;7;1;baixa;0;a_0;0
V3-V4;7;2;baixa;0;a_0;2
V3-V4;7;3;baixa;0;a_0;2
V3-V4;7;4;baixa;0;a_0;0
V3-V4;7;5;baixa;0;a_0;0
V3-V4;7;6;baixa;0;a_0;2
V3-V4;7;7;baixa;0;a_0;0
V3-V4;7;8;baixa;0;a_0;0
V3-V4;7;9;baixa;0;a_0;0
V3-V4;7;10;baixa;0;a_0;0
V3-V4;7;11;baixa;0;a_0;1
V3-V4;7;12;baixa;0;a_0;1
V3-V4;7;13;baixa;0;a_0;1
V3-V4;7;14;baixa;0;a_0;0
V3-V4;7;15;baixa;0;a_0;0
V3-V4;7;16;baixa;0;a_0;0
V3-V4;7;17;baixa;0;a_0;0
V3-V4;7;18;baixa;0;a_0;0
V3-V4;7;19;baixa;0;a_0;0
V3-V4;7;20;baixa;0;a_0;0
V3-V4;7;21;baixa;0;a_0;3
V3-V4;7;22;baixa;0;a_0;0
V3-V4;7;23;baixa;0;a_0;0
V3-V4;7;24;baixa;0;a_0;0
V3-V4;7;25;baixa;0;a_0;0
V3-V4;7;26;baixa;0;a_0;1
V3-V4;7;27;baixa;0;a_0;0
V3-V4;7;28;baixa;0;a_0;0
V3-V4;7;29;baixa;0;a_0;1
V3-V4;7;30;baixa;0;a_0;0
V3-V4;7;31;baixa;0;a_0;0
V3-V4;7;32;baixa;0;a_0;0
V3-V4;7;33;baixa;0;a_0;2
V3-V4;7;34;baixa;0;a_0;0
V3-V4;7;35;baixa;0;a_0;1
V3-V4;7;36;baixa;0;a_0;1
V3-V4;7;37;baixa;0;a_0;0
V3-V4;7;38;baixa;0;a_0;0
V3-V4;7;39;baixa;0;a_0;0
V3-V4;7;40;baixa;0;a_0;0
V4;14;1;baixa;0;a_0;2
V4;14;2;baixa;0;a_0;0
V4;14;3;baixa;0;a_0;0
V4;14;4;baixa;0;a_0;0
V4;14;5;baixa;0;a_0;2
V4;14;6;baixa;0;a_0;0
V4;14;7;baixa;0;a_0;0
V4;14;8;baixa;0;a_0;0
V4;14;9;baixa;0;a_0;1
V4;14;10;baixa;0;a_0;0
V4;14;11;baixa;0;a_0;0
V4;14;12;baixa;0;a_0;0
V4;14;13;baixa;0;a_0;2
V4;14;14;baixa;0;a_0;3
V4;14;15;baixa;0;a_0;1
V4;14;16;baixa;0;a_0;2
V4;14;17;baixa;0;a_0;2
V4;14;18;baixa;0;a_0;1
V4;14;19;baixa;0;a_0;2
V4;14;20;baixa;0;a_0;0
V4;14;21;baixa;0;a_0;0
V4;14;22;baixa;0;a_0;0
V4;14;23;baixa;0;a_0;0
V4;14;24;baixa;0;a_0;1
V4;14;25;baixa;0;a_0;2
V4;14;26;baixa;0;a_0;0
V4;14;27;baixa;0;a_0;2
V4;14;28;baixa;0;a_0;1
V4;14;29;baixa;0;a_0;0
V4;14;30;baixa;0;a_0;0
V4;14;31;baixa;0;a_0;0
V4;14;32;baixa;0;a_0;1
V4;14;33;baixa;0;a_0;0
V4;14;34;baixa;0;a_0;2
V4;14;35;baixa;0;a_0;0
V4;14;36;baixa;0;a_0;0
V4;14;37;baixa;0;a_0;0
V4;14;38;baixa;0;a_0;2
V4;14;39;baixa;0;a_0;0
V4;14;40;baixa;0;a_0;1
V5-V6;21;1;baixa;0;a_0;0
V5-V6;21;2;baixa;0;a_0;0
V5-V6;21;3;baixa;0;a_0;0
V5-V6;21;4;baixa;0;a_0;1
V5-V6;21;5;baixa;0;a_0;3
V5-V6;21;6;baixa;0;a_0;2
V5-V6;21;7;baixa;0;a_0;1
V5-V6;21;8;baixa;0;a_0;0
V5-V6;21;9;baixa;0;a_0;0
V5-V6;21;10;baixa;0;a_0;0
V5-V6;21;11;baixa;0;a_0;0
V5-V6;21;12;baixa;0;a_0;0
V5-V6;21;13;baixa;0;a_0;0
V5-V6;21;14;baixa;0;a_0;0
V5-V6;21;15;baixa;0;a_0;3
V5-V6;21;16;baixa;0;a_0;0
V5-V6;21;17;baixa;0;a_0;1
V5-V6;21;18;baixa;0;a_0;0
V5-V6;21;19;baixa;0;a_0;3
V5-V6;21;20;baixa;0;a_0;1
V5-V6;21;21;baixa;0;a_0;0
V5-V6;21;22;baixa;0;a_0;0
V5-V6;21;23;baixa;0;a_0;0
V5-V6;21;24;baixa;0;a_0;1
V5-V6;21;25;baixa;0;a_0;1
V5-V6;21;26;baixa;0;a_0;0
V5-V6;21;27;baixa;0;a_0;0
V5-V6;21;28;baixa;0;a_0;0
V5-V6;21;29;baixa;0;a_0;1
V5-V6;21;30;baixa;0;a_0;0
V5-V6;21;31;baixa;0;a_0;0
V5-V6;21;32;baixa;0;a_0;0
V5-V6;21;33;baixa;0;a_0;0
V5-V6;21;34;baixa;0;a_0;1
V5-V6;21;35;baixa;0;a_0;0
V5-V6;21;36;baixa;0;a_0;0
V5-V6;21;37;baixa;0;a_0;0
V5-V6;21;38;baixa;0;a_0;2
V5-V6;21;39;baixa;0;a_0;1
V5-V6;21;40;baixa;0;a_0;0
V8;28;1;baixa;0;a_0;2
V8;28;2;baixa;0;a_0;1
V8;28;3;baixa;0;a_0;2
V8;28;4;baixa;0;a_0;1
V8;28;5;baixa;0;a_0;0
V8;28;6;baixa;0;a_0;0
V8;28;7;baixa;0;a_0;0
V8;28;8;baixa;0;a_0;0
V8;28;9;baixa;0;a_0;0
V8;28;10;baixa;0;a_0;0
V8;28;11;baixa;0;a_0;1
V8;28;12;baixa;0;a_0;0
V8;28;13;baixa;0;a_0;1
V8;28;14;baixa;0;a_0;0
V8;28;15;baixa;0;a_0;0
V8;28;16;baixa;0;a_0;0
V8;28;17;baixa;0;a_0;1
V8;28;18;baixa;0;a_0;0
V8;28;19;baixa;0;a_0;1
V8;28;20;baixa;0;a_0;0
V8;28;21;baixa;0;a_0;0
V8;28;22;baixa;0;a_0;1
V8;28;23;baixa;0;a_0;0
V8;28;24;baixa;0;a_0;0
V8;28;25;baixa;0;a_0;0
V8;28;26;baixa;0;a_0;1
V8;28;27;baixa;0;a_0;0
V8;28;28;baixa;0;a_0;0
V8;28;29;baixa;0;a_0;1
V8;28;30;baixa;0;a_0;0
V8;28;31;baixa;0;a_0;0
V8;28;32;baixa;0;a_0;1
V8;28;33;baixa;0;a_0;0
V8;28;34;baixa;0;a_0;1
V8;28;35;baixa;0;a_0;0
V8;28;36;baixa;0;a_0;0
V8;28;37;baixa;0;a_0;0
V8;28;38;baixa;0;a_0;0
V8;28;39;baixa;0;a_0;1
V8;28;40;baixa;0;a_0;0
V1-V2;0;1;media;0;a_0;0
V1-V2;0;2;media;0;a_0;0
V1-V2;0;3;media;0;a_0;0
V1-V2;0;4;media;0;a_0;0
V1-V2;0;5;media;0;a_0;0
V1-V2;0;6;media;0;a_0;0
V1-V2;0;7;media;0;a_0;0
V1-V2;0;8;media;0;a_0;0
V1-V2;0;9;media;0;a_0;0
V1-V2;0;10;media;0;a_0;0
V1-V2;0;11;media;0;a_0;0
V1-V2;0;12;media;0;a_0;0
V1-V2;0;13;media;0;a_0;0
V1-V2;0;14;media;0;a_0;0
V1-V2;0;15;media;0;a_0;1
V1-V2;0;16;media;0;a_0;0
V1-V2;0;17;media;0;a_0;0
V1-V2;0;18;media;0;a_0;0
V1-V2;0;19;media;0;a_0;0
V1-V2;0;20;media;0;a_0;0
V1-V2;0;21;media;0;a_0;1
V1-V2;0;22;media;0;a_0;0
V1-V2;0;23;media;0;a_0;0
V1-V2;0;24;media;0;a_0;0
V1-V2;0;25;media;0;a_0;1
V1-V2;0;26;media;0;a_0;0
V1-V2;0;27;media;0;a_0;0
V1-V2;0;28;media;0;a_0;0
V1-V2;0;29;media;0;a_0;0
V1-V2;0;30;media;0;a_0;0
V1-V2;0;31;media;0;a_0;0
V1-V2;0;32;media;0;a_0;0
V1-V2;0;33;media;0;a_0;2
V1-V2;0;34;media;0;a_0;2
V1-V2;0;35;media;0;a_0;0
V1-V2;0;36;media;0;a_0;0
V1-V2;0;37;media;0;a_0;1
V1-V2;0;38;media;0;a_0;0
V1-V2;0;39;media;0;a_0;1
V1-V2;0;40;media;0;a_0;0
V3-V4;7;1;media;0;a_0;0
V3-V4;7;2;media;0;a_0;0
V3-V4;7;3;media;0;a_0;0
V3-V4;7;4;media;0;a_0;1
V3-V4;7;5;media;0;a_0;0
V3-V4;7;6;media;0;a_0;0
V3-V4;7;7;media;0;a_0;0
V3-V4;7;8;media;0;a_0;0
V3-V4;7;9;media;0;a_0;0
V3-V4;7;10;media;0;a_0;0
V3-V4;7;11;media;0;a_0;0
V3-V4;7;12;media;0;a_0;0
V3-V4;7;13;media;0;a_0;0
V3-V4;7;14;media;0;a_0;0
V3-V4;7;15;media;0;a_0;0
V3-V4;7;16;media;0;a_0;0
V3-V4;7;17;media;0;a_0;0
V3-V4;7;18;media;0;a_0;0
V3-V4;7;19;media;0;a_0;0
V3-V4;7;20;media;0;a_0;0
V3-V4;7;21;media;0;a_0;0
V3-V4;7;22;media;0;a_0;0
V3-V4;7;23;media;0;a_0;0
V3-V4;7;24;media;0;a_0;0
V3-V4;7;25;media;0;a_0;0
V3-V4;7;26;media;0;a_0;0
V3-V4;7;27;media;0;a_0;1
V3-V4;7;28;media;0;a_0;1
V3-V4;7;29;media;0;a_0;0
V3-V4;7;30;media;0;a_0;0
V3-V4;7;31;media;0;a_0;1
V3-V4;7;32;media;0;a_0;0
V3-V4;7;33;media;0;a_0;0
V3-V4;7;34;media;0;a_0;0
V3-V4;7;35;media;0;a_0;0
V3-V4;7;36;media;0;a_0;0
V3-V4;7;37;media;0;a_0;0
V3-V4;7;38;media;0;a_0;3
V3-V4;7;39;media;0;a_0;2
V3-V4;7;40;media;0;a_0;0
V4;14;1;media;0;a_0;0
V4;14;2;media;0;a_0;0
V4;14;3;media;0;a_0;0
V4;14;4;media;0;a_0;0
V4;14;5;media;0;a_0;0
V4;14;6;media;0;a_0;0
V4;14;7;media;0;a_0;0
V4;14;8;media;0;a_0;0
V4;14;9;media;0;a_0;0
V4;14;10;media;0;a_0;0
V4;14;11;media;0;a_0;3
V4;14;12;media;0;a_0;2
V4;14;13;media;0;a_0;2
V4;14;14;media;0;a_0;0
V4;14;15;media;0;a_0;0
V4;14;16;media;0;a_0;2
V4;14;17;media;0;a_0;3
V4;14;18;media;0;a_0;2
V4;14;19;media;0;a_0;0
V4;14;20;media;0;a_0;0
V4;14;21;media;0;a_0;0
V4;14;22;media;0;a_0;0
V4;14;23;media;0;a_0;2
V4;14;24;media;0;a_0;0
V4;14;25;media;0;a_0;2
V4;14;26;media;0;a_0;2
V4;14;27;media;0;a_0;2
V4;14;28;media;0;a_0;0
V4;14;29;media;0;a_0;0
V4;14;30;media;0;a_0;0
V4;14;31;media;0;a_0;0
V4;14;32;media;0;a_0;0
V4;14;33;media;0;a_0;0
V4;14;34;media;0;a_0;0
V4;14;35;media;0;a_0;0
V4;14;36;media;0;a_0;0
V4;14;37;media;0;a_0;1
V4;14;38;media;0;a_0;0
V4;14;39;media;0;a_0;0
V4;14;40;media;0;a_0;1
V5-V6;21;1;media;0;a_0;0
V5-V6;21;2;media;0;a_0;0
V5-V6;21;3;media;0;a_0;0
V5-V6;21;4;media;0;a_0;0
V5-V6;21;5;media;0;a_0;1
V5-V6;21;6;media;0;a_0;0
V5-V6;21;7;media;0;a_0;0
V5-V6;21;8;media;0;a_0;0
V5-V6;21;9;media;0;a_0;0
V5-V6;21;10;media;0;a_0;2
V5-V6;21;11;media;0;a_0;0
V5-V6;21;12;media;0;a_0;1
V5-V6;21;13;media;0;a_0;0
V5-V6;21;14;media;0;a_0;0
V5-V6;21;15;media;0;a_0;0
V5-V6;21;16;media;0;a_0;0
V5-V6;21;17;media;0;a_0;0
V5-V6;21;18;media;0;a_0;0
V5-V6;21;19;media;0;a_0;0
V5-V6;21;20;media;0;a_0;0
V5-V6;21;21;media;0;a_0;0
V5-V6;21;22;media;0;a_0;0
V5-V6;21;23;media;0;a_0;1
V5-V6;21;24;media;0;a_0;0
V5-V6;21;25;media;0;a_0;0
V5-V6;21;26;media;0;a_0;1
V5-V6;21;27;media;0;a_0;0
V5-V6;21;28;media;0;a_0;0
V5-V6;21;29;media;0;a_0;0
V5-V6;21;30;media;0;a_0;0
V5-V6;21;31;media;0;a_0;0
V5-V6;21;32;media;0;a_0;0
V5-V6;21;33;media;0;a_0;0
V5-V6;21;34;media;0;a_0;1
V5-V6;21;35;media;0;a_0;0
V5-V6;21;36;media;0;a_0;0
V5-V6;21;37;media;0;a_0;0
V5-V6;21;38;media;0;a_0;0
V5-V6;21;39;media;0;a_0;0
V5-V6;21;40;media;0;a_0;0
V8;28;1;media;0;a_0;0
V8;28;2;media;0;a_0;0
V8;28;3;media;0;a_0;0
V8;28;4;media;0;a_0;0
V8;28;5;media;0;a_0;0
V8;28;6;media;0;a_0;0
V8;28;7;media;0;a_0;0
V8;28;8;media;0;a_0;0
V8;28;9;media;0;a_0;1
V8;28;10;media;0;a_0;0
V8;28;11;media;0;a_0;0
V8;28;12;media;0;a_0;0
V8;28;13;media;0;a_0;0
V8;28;14;media;0;a_0;0
V8;28;15;media;0;a_0;0
V8;28;16;media;0;a_0;2
V8;28;17;media;0;a_0;0
V8;28;18;media;0;a_0;0
V8;28;19;media;0;a_0;0
V8;28;20;media;0;a_0;0
V8;28;21;media;0;a_0;0
V8;28;22;media;0;a_0;3
V8;28;23;media;0;a_0;0
V8;28;24;media;0;a_0;0
V8;28;25;media;0;a_0;0
V8;28;26;media;0;a_0;0
V8;28;27;media;0;a_0;0
V8;28;28;media;0;a_0;1
V8;28;29;media;0;a_0;0
V8;28;30;media;0;a_0;0
V8;28;31;media;0;a_0;0
V8;28;32;media;0;a_0;0
V8;28;33;media;0;a_0;1
V8;28;34;media;0;a_0;0
V8;28;35;media;0;a_0;1
V8;28;36;media;0;a_0;0
V8;28;37;media;0;a_0;0
V8;28;38;media;0;a_0;0
V8;28;39;media;0;a_0;0
V8;28;40;media;0;a_0;1
V1-V2;0;1;alta;0;a_0;0
V1-V2;0;2;alta;0;a_0;0
V1-V2;0;3;alta;0;a_0;0
V1-V2;0;4;alta;0;a_0;0
V1-V2;0;5;alta;0;a_0;0
V1-V2;0;6;alta;0;a_0;0
V1-V2;0;7;alta;0;a_0;0
V1-V2;0;8;alta;0;a_0;0
V1-V2;0;9;alta;0;a_0;0
V1-V2;0;10;alta;0;a_0;0
V1-V2;0;11;alta;0;a_0;0
V1-V2;0;12;alta;0;a_0;0
V1-V2;0;13;alta;0;a_0;0
V1-V2;0;14;alta;0;a_0;0
V1-V2;0;15;alta;0;a_0;0
V1-V2;0;16;alta;0;a_0;0
V1-V2;0;17;alta;0;a_0;0
V1-V2;0;18;alta;0;a_0;0
V1-V2;0;19;alta;0;a_0;0
V1-V2;0;20;alta;0;a_0;1
V1-V2;0;21;alta;0;a_0;0
V1-V2;0;22;alta;0;a_0;0
V1-V2;0;23;alta;0;a_0;0
V1-V2;0;24;alta;0;a_0;0
V1-V2;0;25;alta;0;a_0;0
V1-V2;0;26;alta;0;a_0;1
V1-V2;0;27;alta;0;a_0;0
V1-V2;0;28;alta;0;a_0;0
V1-V2;0;29;alta;0;a_0;1
V1-V2;0;30;alta;0;a_0;0
V1-V2;0;31;alta;0;a_0;0
V1-V2;0;32;alta;0;a_0;0
V1-V2;0;33;alta;0;a_0;0
V1-V2;0;34;alta;0;a_0;0
V1-V2;0;35;alta;0;a_0;0
V1-V2;0;36;alta;0;a_0;0
V1-V2;0;37;alta;0;a_0;0
V1-V2;0;38;alta;0;a_0;0
V1-V2;0;39;alta;0;a_0;0
V1-V2;0;40;alta;0;a_0;0
V3-V4;7;1;alta;0;a_0;0
V3-V4;7;2;alta;0;a_0;0
V3-V4;7;3;alta;0;a_0;0
V3-V4;7;4;alta;0;a_0;0
V3-V4;7;5;alta;0;a_0;0
V3-V4;7;6;alta;0;a_0;0
V3-V4;7;7;alta;0;a_0;0
V3-V4;7;8;alta;0;a_0;0
V3-V4;7;9;alta;0;a_0;0
V3-V4;7;10;alta;0;a_0;0
V3-V4;7;11;alta;0;a_0;0
V3-V4;7;12;alta;0;a_0;0
V3-V4;7;13;alta;0;a_0;1
V3-V4;7;14;alta;0;a_0;0
V3-V4;7;15;alta;0;a_0;0
V3-V4;7;16;alta;0;a_0;0
V3-V4;7;17;alta;0;a_0;0
V3-V4;7;18;alta;0;a_0;0
V3-V4;7;19;alta;0;a_0;0
V3-V4;7;20;alta;0;a_0;0
V3-V4;7;21;alta;0;a_0;0
V3-V4;7;22;alta;0;a_0;0
V3-V4;7;23;alta;0;a_0;0
V3-V4;7;24;alta;0;a_0;0
V3-V4;7;25;alta;0;a_0;1
V3-V4;7;26;alta;0;a_0;0
V3-V4;7;27;alta;0;a_0;0
V3-V4;7;28;alta;0;a_0;0
V3-V4;7;29;alta;0;a_0;0
V3-V4;7;30;alta;0;a_0;0
V3-V4;7;31;alta;0;a_0;0
V3-V4;7;32;alta;0;a_0;0
V3-V4;7;33;alta;0;a_0;0
V3-V4;7;34;alta;0;a_0;0
V3-V4;7;35;alta;0;a_0;0
V3-V4;7;36;alta;0;a_0;0
V3-V4;7;37;alta;0;a_0;0
V3-V4;7;38;alta;0;a_0;0
V3-V4;7;39;alta;0;a_0;0
V3-V4;7;40;alta;0;a_0;0
V4;14;1;alta;0;a_0;0
V4;14;2;alta;0;a_0;0
V4;14;3;alta;0;a_0;0
V4;14;4;alta;0;a_0;1
V4;14;5;alta;0;a_0;2
V4;14;6;alta;0;a_0;0
V4;14;7;alta;0;a_0;0
V4;14;8;alta;0;a_0;0
V4;14;9;alta;0;a_0;0
V4;14;10;alta;0;a_0;1
V4;14;11;alta;0;a_0;1
V4;14;12;alta;0;a_0;1
V4;14;13;alta;0;a_0;0
V4;14;14;alta;0;a_0;0
V4;14;15;alta;0;a_0;1
V4;14;16;alta;0;a_0;0
V4;14;17;alta;0;a_0;0
V4;14;18;alta;0;a_0;0
V4;14;19;alta;0;a_0;0
V4;14;20;alta;0;a_0;0
V4;14;21;alta;0;a_0;2
V4;14;22;alta;0;a_0;1
V4;14;23;alta;0;a_0;1
V4;14;24;alta;0;a_0;1
V4;14;25;alta;0;a_0;1
V4;14;26;alta;0;a_0;0
V4;14;27;alta;0;a_0;0
V4;14;28;alta;0;a_0;0
V4;14;29;alta;0;a_0;1
V4;14;30;alta;0;a_0;0
V4;14;31;alta;0;a_0;0
V4;14;32;alta;0;a_0;1
V4;14;33;alta;0;a_0;0
V4;14;34;alta;0;a_0;1
V4;14;35;alta;0;a_0;1
V4;14;36;alta;0;a_0;0
V4;14;37;alta;0;a_0;0
V4;14;38;alta;0;a_0;0
V4;14;39;alta;0;a_0;0
V4;14;40;alta;0;a_0;0
V5-V6;21;1;alta;0;a_0;0
V5-V6;21;2;alta;0;a_0;0
V5-V6;21;3;alta;0;a_0;1
V5-V6;21;4;alta;0;a_0;0
V5-V6;21;5;alta;0;a_0;1
V5-V6;21;6;alta;0;a_0;0
V5-V6;21;7;alta;0;a_0;1
V5-V6;21;8;alta;0;a_0;0
V5-V6;21;9;alta;0;a_0;1
V5-V6;21;10;alta;0;a_0;0
V5-V6;21;11;alta;0;a_0;0
V5-V6;21;12;alta;0;a_0;0
V5-V6;21;13;alta;0;a_0;1
V5-V6;21;14;alta;0;a_0;0
V5-V6;21;15;alta;0;a_0;0
V5-V6;21;16;alta;0;a_0;0
V5-V6;21;17;alta;0;a_0;2
V5-V6;21;18;alta;0;a_0;0
V5-V6;21;19;alta;0;a_0;0
V5-V6;21;20;alta;0;a_0;1
V5-V6;21;21;alta;0;a_0;1
V5-V6;21;22;alta;0;a_0;0
V5-V6;21;23;alta;0;a_0;1
V5-V6;21;24;alta;0;a_0;0
V5-V6;21;25;alta;0;a_0;1
V5-V6;21;26;alta;0;a_0;1
V5-V6;21;27;alta;0;a_0;0
V5-V6;21;28;alta;0;a_0;0
V5-V6;21;29;alta;0;a_0;1
V5-V6;21;30;alta;0;a_0;2
V5-V6;21;31;alta;0;a_0;0
V5-V6;21;32;alta;0;a_0;0
V5-V6;21;33;alta;0;a_0;1
V5-V6;21;34;alta;0;a_0;2
V5-V6;21;35;alta;0;a_0;0
V5-V6;21;36;alta;0;a_0;0
V5-V6;21;37;alta;0;a_0;0
V5-V6;21;38;alta;0;a_0;0
V5-V6;21;39;alta;0;a_0;1
V5-V6;21;40;alta;0;a_0;0
V8;28;1;alta;0;a_0;0
V8;28;2;alta;0;a_0;1
V8;28;3;alta;0;a_0;0
V8;28;4;alta;0;a_0;0
V8;28;5;alta;0;a_0;0
V8;28;6;alta;0;a_0;2
V8;28;7;alta;0;a_0;0
V8;28;8;alta;0;a_0;0
V8;28;9;alta;0;a_0;0
V8;28;10;alta;0;a_0;0
V8;28;11;alta;0;a_0;0
V8;28;12;alta;0;a_0;0
V8;28;13;alta;0;a_0;0
V8;28;14;alta;0;a_0;0
V8;28;15;alta;0;a_0;0
V8;28;16;alta;0;a_0;0
V8;28;17;alta;0;a_0;0
V8;28;18;alta;0;a_0;1
V8;28;19;alta;0;a_0;2
V8;28;20;alta;0;a_0;1
V8;28;21;alta;0;a_0;1
V8;28;22;alta;0;a_0;0
V8;28;23;alta;0;a_0;0
V8;28;24;alta;0;a_0;0
V8;28;25;alta;0;a_0;1
V8;28;26;alta;0;a_0;0
V8;28;27;alta;0;a_0;0
V8;28;28;alta;0;a_0;0
V8;28;29;alta;0;a_0;0
V8;28;30;alta;0;a_0;0
V8;28;31;alta;0;a_0;0
V8;28;32;alta;0;a_0;0
V8;28;33;alta;0;a_0;1
V8;28;34;alta;0;a_0;0
V8;28;35;alta;0;a_0;1
V8;28;36;alta;0;a_0;0
V8;28;37;alta;0;a_0;0
V8;28;38;alta;0;a_0;1
V8;28;39;alta;0;a_0;0
V8;28;40;alta;0;a_0;0
V1-V2;0;1;baixa;1;b_1;0
V1-V2;0;2;baixa;1;b_1;0
V1-V2;0;3;baixa;1;b_1;0
V1-V2;0;4;baixa;1;b_1;0
V1-V2;0;5;baixa;1;b_1;1
V1-V2;0;6;baixa;1;b_1;0
V1-V2;0;7;baixa;1;b_1;0
V1-V2;0;8;baixa;1;b_1;0
V1-V2;0;9;baixa;1;b_1;0
V1-V2;0;10;baixa;1;b_1;1
V1-V2;0;11;baixa;1;b_1;0
V1-V2;0;12;baixa;1;b_1;0
V1-V2;0;13;baixa;1;b_1;0
V1-V2;0;14;baixa;1;b_1;1
V1-V2;0;15;baixa;1;b_1;0
V1-V2;0;16;baixa;1;b_1;0
V1-V2;0;17;baixa;1;b_1;0
V1-V2;0;18;baixa;1;b_1;0
V1-V2;0;19;baixa;1;b_1;0
V1-V2;0;20;baixa;1;b_1;1
V1-V2;0;21;baixa;1;b_1;0
V1-V2;0;22;baixa;1;b_1;0
V1-V2;0;23;baixa;1;b_1;0
V1-V2;0;24;baixa;1;b_1;0
V1-V2;0;25;baixa;1;b_1;0
V1-V2;0;26;baixa;1;b_1;0
V1-V2;0;27;baixa;1;b_1;0
V1-V2;0;28;baixa;1;b_1;0
V1-V2;0;29;baixa;1;b_1;0
V1-V2;0;30;baixa;1;b_1;0
V1-V2;0;31;baixa;1;b_1;0
V1-V2;0;32;baixa;1;b_1;0
V1-V2;0;33;baixa;1;b_1;0
V1-V2;0;34;baixa;1;b_1;0
V1-V2;0;35;baixa;1;b_1;0
V1-V2;0;36;baixa;1;b_1;0
V1-V2;0;37;baixa;1;b_1;0
V1-V2;0;38;baixa;1;b_1;0
V1-V2;0;39;baixa;1;b_1;0
V1-V2;0;40;baixa;1;b_1;0
V3-V4;7;1;baixa;1;b_1;0
V3-V4;7;2;baixa;1;b_1;0
V3-V4;7;3;baixa;1;b_1;0
V3-V4;7;4;baixa;1;b_1;0
V3-V4;7;5;baixa;1;b_1;0
V3-V4;7;6;baixa;1;b_1;0
V3-V4;7;7;baixa;1;b_1;0
V3-V4;7;8;baixa;1;b_1;0
V3-V4;7;9;baixa;1;b_1;0
V3-V4;7;10;baixa;1;b_1;0
V3-V4;7;11;baixa;1;b_1;1
V3-V4;7;12;baixa;1;b_1;0
V3-V4;7;13;baixa;1;b_1;0
V3-V4;7;14;baixa;1;b_1;0
V3-V4;7;15;baixa;1;b_1;0
V3-V4;7;16;baixa;1;b_1;0
V3-V4;7;17;baixa;1;b_1;0
V3-V4;7;18;baixa;1;b_1;1
V3-V4;7;19;baixa;1;b_1;0
V3-V4;7;20;baixa;1;b_1;0
V3-V4;7;21;baixa;1;b_1;0
V3-V4;7;22;baixa;1;b_1;0
V3-V4;7;23;baixa;1;b_1;0
V3-V4;7;24;baixa;1;b_1;0
V3-V4;7;25;baixa;1;b_1;0
V3-V4;7;26;baixa;1;b_1;0
V3-V4;7;27;baixa;1;b_1;1
V3-V4;7;28;baixa;1;b_1;0
V3-V4;7;29;baixa;1;b_1;1
V3-V4;7;30;baixa;1;b_1;0
V3-V4;7;31;baixa;1;b_1;1
V3-V4;7;32;baixa;1;b_1;1
V3-V4;7;33;baixa;1;b_1;0
V3-V4;7;34;baixa;1;b_1;0
V3-V4;7;35;baixa;1;b_1;0
V3-V4;7;36;baixa;1;b_1;0
V3-V4;7;37;baixa;1;b_1;0
V3-V4;7;38;baixa;1;b_1;0
V3-V4;7;39;baixa;1;b_1;0
V3-V4;7;40;baixa;1;b_1;0
V4;14;1;baixa;1;b_1;1
V4;14;2;baixa;1;b_1;0
V4;14;3;baixa;1;b_1;0
V4;14;4;baixa;1;b_1;0
V4;14;5;baixa;1;b_1;0
V4;14;6;baixa;1;b_1;1
V4;14;7;baixa;1;b_1;0
V4;14;8;baixa;1;b_1;0
V4;14;9;baixa;1;b_1;0
V4;14;10;baixa;1;b_1;0
V4;14;11;baixa;1;b_1;0
V4;14;12;baixa;1;b_1;0
V4;14;13;baixa;1;b_1;0
V4;14;14;baixa;1;b_1;0
V4;14;15;baixa;1;b_1;0
V4;14;16;baixa;1;b_1;1
V4;14;17;baixa;1;b_1;1
V4;14;18;baixa;1;b_1;0
V4;14;19;baixa;1;b_1;0
V4;14;20;baixa;1;b_1;1
V4;14;21;baixa;1;b_1;1
V4;14;22;baixa;1;b_1;0
V4;14;23;baixa;1;b_1;0
V4;14;24;baixa;1;b_1;0
V4;14;25;baixa;1;b_1;0
V4;14;26;baixa;1;b_1;0
V4;14;27;baixa;1;b_1;1
V4;14;28;baixa;1;b_1;1
V4;14;29;baixa;1;b_1;2
V4;14;30;baixa;1;b_1;0
V4;14;31;baixa;1;b_1;1
V4;14;32;baixa;1;b_1;0
V4;14;33;baixa;1;b_1;0
V4;14;34;baixa;1;b_1;1
V4;14;35;baixa;1;b_1;0
V4;14;36;baixa;1;b_1;0
V4;14;37;baixa;1;b_1;1
V4;14;38;baixa;1;b_1;1
V4;14;39;baixa;1;b_1;0
V4;14;40;baixa;1;b_1;1
V5-V6;21;1;baixa;1;b_1;0
V5-V6;21;2;baixa;1;b_1;1
V5-V6;21;3;baixa;1;b_1;0
V5-V6;21;4;baixa;1;b_1;0
V5-V6;21;5;baixa;1;b_1;2
V5-V6;21;6;baixa;1;b_1;0
V5-V6;21;7;baixa;1;b_1;0
V5-V6;21;8;baixa;1;b_1;0
V5-V6;21;9;baixa;1;b_1;0
V5-V6;21;10;baixa;1;b_1;0
V5-V6;21;11;baixa;1;b_1;0
V5-V6;21;12;baixa;1;b_1;0
V5-V6;21;13;baixa;1;b_1;1
V5-V6;21;14;baixa;1;b_1;0
V5-V6;21;15;baixa;1;b_1;0
V5-V6;21;16;baixa;1;b_1;2
V5-V6;21;17;baixa;1;b_1;0
V5-V6;21;18;baixa;1;b_1;2
V5-V6;21;19;baixa;1;b_1;1
V5-V6;21;20;baixa;1;b_1;0
V5-V6;21;21;baixa;1;b_1;0
V5-V6;21;22;baixa;1;b_1;0
V5-V6;21;23;baixa;1;b_1;1
V5-V6;21;24;baixa;1;b_1;0
V5-V6;21;25;baixa;1;b_1;0
V5-V6;21;26;baixa;1;b_1;1
V5-V6;21;27;baixa;1;b_1;2
V5-V6;21;28;baixa;1;b_1;0
V5-V6;21;29;baixa;1;b_1;0
V5-V6;21;30;baixa;1;b_1;0
V5-V6;21;31;baixa;1;b_1;0
V5-V6;21;32;baixa;1;b_1;1
V5-V6;21;33;baixa;1;b_1;2
V5-V6;21;34;baixa;1;b_1;0
V5-V6;21;35;baixa;1;b_1;0
V5-V6;21;36;baixa;1;b_1;1
V5-V6;21;37;baixa;1;b_1;2
V5-V6;21;38;baixa;1;b_1;0
V5-V6;21;39;baixa;1;b_1;1
V5-V6;21;40;baixa;1;b_1;0
V8;28;1;baixa;1;b_1;0
V8;28;2;baixa;1;b_1;1
V8;28;3;baixa;1;b_1;0
V8;28;4;baixa;1;b_1;1
V8;28;5;baixa;1;b_1;0
V8;28;6;baixa;1;b_1;0
V8;28;7;baixa;1;b_1;1
V8;28;8;baixa;1;b_1;2
V8;28;9;baixa;1;b_1;0
V8;28;10;baixa;1;b_1;1
V8;28;11;baixa;1;b_1;0
V8;28;12;baixa;1;b_1;1
V8;28;13;baixa;1;b_1;0
V8;28;14;baixa;1;b_1;1
V8;28;15;baixa;1;b_1;0
V8;28;16;baixa;1;b_1;0
V8;28;17;baixa;1;b_1;0
V8;28;18;baixa;1;b_1;2
V8;28;19;baixa;1;b_1;0
V8;28;20;baixa;1;b_1;0
V8;28;21;baixa;1;b_1;1
V8;28;22;baixa;1;b_1;0
V8;28;23;baixa;1;b_1;0
V8;28;24;baixa;1;b_1;0
V8;28;25;baixa;1;b_1;0
V8;28;26;baixa;1;b_1;0
V8;28;27;baixa;1;b_1;0
V8;28;28;baixa;1;b_1;0
V8;28;29;baixa;1;b_1;0
V8;28;30;baixa;1;b_1;0
V8;28;31;baixa;1;b_1;0
V8;28;32;baixa;1;b_1;1
V8;28;33;baixa;1;b_1;3
V8;28;34;baixa;1;b_1;1
V8;28;35;baixa;1;b_1;0
V8;28;36;baixa;1;b_1;2
V8;28;37;baixa;1;b_1;0
V8;28;38;baixa;1;b_1;0
V8;28;39;baixa;1;b_1;0
V8;28;40;baixa;1;b_1;0
V1-V2;0;1;media;1;b_1;0
V1-V2;0;2;media;1;b_1;0
V1-V2;0;3;media;1;b_1;0
V1-V2;0;4;media;1;b_1;0
V1-V2;0;5;media;1;b_1;0
V1-V2;0;6;media;1;b_1;0
V1-V2;0;7;media;1;b_1;0
V1-V2;0;8;media;1;b_1;0
V1-V2;0;9;media;1;b_1;0
V1-V2;0;10;media;1;b_1;1
V1-V2;0;11;media;1;b_1;0
V1-V2;0;12;media;1;b_1;0
V1-V2;0;13;media;1;b_1;0
V1-V2;0;14;media;1;b_1;0
V1-V2;0;15;media;1;b_1;0
V1-V2;0;16;media;1;b_1;0
V1-V2;0;17;media;1;b_1;0
V1-V2;0;18;media;1;b_1;0
V1-V2;0;19;media;1;b_1;0
V1-V2;0;20;media;1;b_1;0
V1-V2;0;21;media;1;b_1;0
V1-V2;0;22;media;1;b_1;0
V1-V2;0;23;media;1;b_1;0
V1-V2;0;24;media;1;b_1;0
V1-V2;0;25;media;1;b_1;0
V1-V2;0;26;media;1;b_1;0
V1-V2;0;27;media;1;b_1;0
V1-V2;0;28;media;1;b_1;0
V1-V2;0;29;media;1;b_1;0
V1-V2;0;30;media;1;b_1;0
V1-V2;0;31;media;1;b_1;2
V1-V2;0;32;media;1;b_1;0
V1-V2;0;33;media;1;b_1;0
V1-V2;0;34;media;1;b_1;0
V1-V2;0;35;media;1;b_1;0
V1-V2;0;36;media;1;b_1;0
V1-V2;0;37;media;1;b_1;0
V1-V2;0;38;media;1;b_1;0
V1-V2;0;39;media;1;b_1;0
V1-V2;0;40;media;1;b_1;0
V3-V4;7;1;media;1;b_1;0
V3-V4;7;2;media;1;b_1;1
V3-V4;7;3;media;1;b_1;0
V3-V4;7;4;media;1;b_1;0
V3-V4;7;5;media;1;b_1;0
V3-V4;7;6;media;1;b_1;0
V3-V4;7;7;media;1;b_1;0
V3-V4;7;8;media;1;b_1;0
V3-V4;7;9;media;1;b_1;0
V3-V4;7;10;media;1;b_1;0
V3-V4;7;11;media;1;b_1;0
V3-V4;7;12;media;1;b_1;0
V3-V4;7;13;media;1;b_1;0
V3-V4;7;14;media;1;b_1;0
V3-V4;7;15;media;1;b_1;0
V3-V4;7;16;media;1;b_1;0
V3-V4;7;17;media;1;b_1;0
V3-V4;7;18;media;1;b_1;1
V3-V4;7;19;media;1;b_1;0
V3-V4;7;20;media;1;b_1;0
V3-V4;7;21;media;1;b_1;0
V3-V4;7;22;media;1;b_1;0
V3-V4;7;23;media;1;b_1;0
V3-V4;7;24;media;1;b_1;0
V3-V4;7;25;media;1;b_1;0
V3-V4;7;26;media;1;b_1;1
V3-V4;7;27;media;1;b_1;0
V3-V4;7;28;media;1;b_1;0
V3-V4;7;29;media;1;b_1;0
V3-V4;7;30;media;1;b_1;0
V3-V4;7;31;media;1;b_1;0
V3-V4;7;32;media;1;b_1;0
V3-V4;7;33;media;1;b_1;0
V3-V4;7;34;media;1;b_1;0
V3-V4;7;35;media;1;b_1;0
V3-V4;7;36;media;1;b_1;0
V3-V4;7;37;media;1;b_1;0
V3-V4;7;38;media;1;b_1;0
V3-V4;7;39;media;1;b_1;0
V3-V4;7;40;media;1;b_1;0
V4;14;1;media;1;b_1;1
V4;14;2;media;1;b_1;0
V4;14;3;media;1;b_1;0
V4;14;4;media;1;b_1;0
V4;14;5;media;1;b_1;2
V4;14;6;media;1;b_1;0
V4;14;7;media;1;b_1;0
V4;14;8;media;1;b_1;0
V4;14;9;media;1;b_1;0
V4;14;10;media;1;b_1;0
V4;14;11;media;1;b_1;2
V4;14;12;media;1;b_1;0
V4;14;13;media;1;b_1;0
V4;14;14;media;1;b_1;0
V4;14;15;media;1;b_1;1
V4;14;16;media;1;b_1;1
V4;14;17;media;1;b_1;0
V4;14;18;media;1;b_1;0
V4;14;19;media;1;b_1;3
V4;14;20;media;1;b_1;0
V4;14;21;media;1;b_1;1
V4;14;22;media;1;b_1;1
V4;14;23;media;1;b_1;0
V4;14;24;media;1;b_1;0
V4;14;25;media;1;b_1;0
V4;14;26;media;1;b_1;0
V4;14;27;media;1;b_1;0
V4;14;28;media;1;b_1;0
V4;14;29;media;1;b_1;0
V4;14;30;media;1;b_1;0
V4;14;31;media;1;b_1;0
V4;14;32;media;1;b_1;0
V4;14;33;media;1;b_1;0
V4;14;34;media;1;b_1;0
V4;14;35;media;1;b_1;0
V4;14;36;media;1;b_1;0
V4;14;37;media;1;b_1;0
V4;14;38;media;1;b_1;0
V4;14;39;media;1;b_1;0
V4;14;40;media;1;b_1;0
V5-V6;21;1;media;1;b_1;0
V5-V6;21;2;media;1;b_1;0
V5-V6;21;3;media;1;b_1;0
V5-V6;21;4;media;1;b_1;2
V5-V6;21;5;media;1;b_1;0
V5-V6;21;6;media;1;b_1;0
V5-V6;21;7;media;1;b_1;0
V5-V6;21;8;media;1;b_1;2
V5-V6;21;9;media;1;b_1;0
V5-V6;21;10;media;1;b_1;0
V5-V6;21;11;media;1;b_1;0
V5-V6;21;12;media;1;b_1;0
V5-V6;21;13;media;1;b_1;1
V5-V6;21;14;media;1;b_1;2
V5-V6;21;15;media;1;b_1;0
V5-V6;21;16;media;1;b_1;0
V5-V6;21;17;media;1;b_1;1
V5-V6;21;18;media;1;b_1;0
V5-V6;21;19;media;1;b_1;1
V5-V6;21;20;media;1;b_1;0
V5-V6;21;21;media;1;b_1;0
V5-V6;21;22;media;1;b_1;0
V5-V6;21;23;media;1;b_1;2
V5-V6;21;24;media;1;b_1;0
V5-V6;21;25;media;1;b_1;1
V5-V6;21;26;media;1;b_1;0
V5-V6;21;27;media;1;b_1;1
V5-V6;21;28;media;1;b_1;0
V5-V6;21;29;media;1;b_1;1
V5-V6;21;30;media;1;b_1;0
V5-V6;21;31;media;1;b_1;1
V5-V6;21;32;media;1;b_1;0
V5-V6;21;33;media;1;b_1;1
V5-V6;21;34;media;1;b_1;1
V5-V6;21;35;media;1;b_1;0
V5-V6;21;36;media;1;b_1;0
V5-V6;21;37;media;1;b_1;0
V5-V6;21;38;media;1;b_1;1
V5-V6;21;39;media;1;b_1;0
V5-V6;21;40;media;1;b_1;0
V8;28;1;media;1;b_1;0
V8;28;2;media;1;b_1;1
V8;28;3;media;1;b_1;0
V8;28;4;media;1;b_1;0
V8;28;5;media;1;b_1;0
V8;28;6;media;1;b_1;0
V8;28;7;media;1;b_1;1
V8;28;8;media;1;b_1;0
V8;28;9;media;1;b_1;0
V8;28;10;media;1;b_1;0
V8;28;11;media;1;b_1;0
V8;28;12;media;1;b_1;0
V8;28;13;media;1;b_1;1
V8;28;14;media;1;b_1;0
V8;28;15;media;1;b_1;0
V8;28;16;media;1;b_1;0
V8;28;17;media;1;b_1;0
V8;28;18;media;1;b_1;1
V8;28;19;media;1;b_1;0
V8;28;20;media;1;b_1;0
V8;28;21;media;1;b_1;0
V8;28;22;media;1;b_1;1
V8;28;23;media;1;b_1;0
V8;28;24;media;1;b_1;1
V8;28;25;media;1;b_1;4
V8;28;26;media;1;b_1;0
V8;28;27;media;1;b_1;0
V8;28;28;media;1;b_1;2
V8;28;29;media;1;b_1;0
V8;28;30;media;1;b_1;1
V8;28;31;media;1;b_1;0
V8;28;32;media;1;b_1;1
V8;28;33;media;1;b_1;0
V8;28;34;media;1;b_1;2
V8;28;35;media;1;b_1;0
V8;28;36;media;1;b_1;0
V8;28;37;media;1;b_1;0
V8;28;38;media;1;b_1;1
V8;28;39;media;1;b_1;0
V8;28;40;media;1;b_1;0
V1-V2;0;1;alta;1;b_1;0
V1-V2;0;2;alta;1;b_1;0
V1-V2;0;3;alta;1;b_1;0
V1-V2;0;4;alta;1;b_1;0
V1-V2;0;5;alta;1;b_1;0
V1-V2;0;6;alta;1;b_1;0
V1-V2;0;7;alta;1;b_1;0
V1-V2;0;8;alta;1;b_1;0
V1-V2;0;9;alta;1;b_1;0
V1-V2;0;10;alta;1;b_1;1
V1-V2;0;11;alta;1;b_1;0
V1-V2;0;12;alta;1;b_1;0
V1-V2;0;13;alta;1;b_1;0
V1-V2;0;14;alta;1;b_1;0
V1-V2;0;15;alta;1;b_1;0
V1-V2;0;16;alta;1;b_1;0
V1-V2;0;17;alta;1;b_1;0
V1-V2;0;18;alta;1;b_1;0
V1-V2;0;19;alta;1;b_1;0
V1-V2;0;20;alta;1;b_1;2
V1-V2;0;21;alta;1;b_1;0
V1-V2;0;22;alta;1;b_1;0
V1-V2;0;23;alta;1;b_1;0
V1-V2;0;24;alta;1;b_1;0
V1-V2;0;25;alta;1;b_1;0
V1-V2;0;26;alta;1;b_1;0
V1-V2;0;27;alta;1;b_1;0
V1-V2;0;28;alta;1;b_1;0
V1-V2;0;29;alta;1;b_1;0
V1-V2;0;30;alta;1;b_1;0
V1-V2;0;31;alta;1;b_1;0
V1-V2;0;32;alta;1;b_1;0
V1-V2;0;33;alta;1;b_1;0
V1-V2;0;34;alta;1;b_1;0
V1-V2;0;35;alta;1;b_1;0
V1-V2;0;36;alta;1;b_1;0
V1-V2;0;37;alta;1;b_1;0
V1-V2;0;38;alta;1;b_1;0
V1-V2;0;39;alta;1;b_1;0
V1-V2;0;40;alta;1;b_1;0
V3-V4;7;1;alta;1;b_1;1
V3-V4;7;2;alta;1;b_1;0
V3-V4;7;3;alta;1;b_1;0
V3-V4;7;4;alta;1;b_1;0
V3-V4;7;5;alta;1;b_1;0
V3-V4;7;6;alta;1;b_1;0
V3-V4;7;7;alta;1;b_1;0
V3-V4;7;8;alta;1;b_1;0
V3-V4;7;9;alta;1;b_1;0
V3-V4;7;10;alta;1;b_1;0
V3-V4;7;11;alta;1;b_1;1
V3-V4;7;12;alta;1;b_1;0
V3-V4;7;13;alta;1;b_1;0
V3-V4;7;14;alta;1;b_1;0
V3-V4;7;15;alta;1;b_1;0
V3-V4;7;16;alta;1;b_1;0
V3-V4;7;17;alta;1;b_1;0
V3-V4;7;18;alta;1;b_1;0
V3-V4;7;19;alta;1;b_1;1
V3-V4;7;20;alta;1;b_1;0
V3-V4;7;21;alta;1;b_1;0
V3-V4;7;22;alta;1;b_1;0
V3-V4;7;23;alta;1;b_1;2
V3-V4;7;24;alta;1;b_1;0
V3-V4;7;25;alta;1;b_1;0
V3-V4;7;26;alta;1;b_1;0
V3-V4;7;27;alta;1;b_1;0
V3-V4;7;28;alta;1;b_1;0
V3-V4;7;29;alta;1;b_1;0
V3-V4;7;30;alta;1;b_1;1
V3-V4;7;31;alta;1;b_1;0
V3-V4;7;32;alta;1;b_1;0
V3-V4;7;33;alta;1;b_1;0
V3-V4;7;34;alta;1;b_1;0
V3-V4;7;35;alta;1;b_1;0
V3-V4;7;36;alta;1;b_1;0
V3-V4;7;37;alta;1;b_1;0
V3-V4;7;38;alta;1;b_1;0
V3-V4;7;39;alta;1;b_1;0
V3-V4;7;40;alta;1;b_1;0
V4;14;1;alta;1;b_1;1
V4;14;2;alta;1;b_1;0
V4;14;3;alta;1;b_1;0
V4;14;4;alta;1;b_1;0
V4;14;5;alta;1;b_1;0
V4;14;6;alta;1;b_1;1
V4;14;7;alta;1;b_1;0
V4;14;8;alta;1;b_1;0
V4;14;9;alta;1;b_1;0
V4;14;10;alta;1;b_1;0
V4;14;11;alta;1;b_1;0
V4;14;12;alta;1;b_1;0
V4;14;13;alta;1;b_1;0
V4;14;14;alta;1;b_1;0
V4;14;15;alta;1;b_1;1
V4;14;16;alta;1;b_1;0
V4;14;17;alta;1;b_1;0
V4;14;18;alta;1;b_1;2
V4;14;19;alta;1;b_1;0
V4;14;20;alta;1;b_1;0
V4;14;21;alta;1;b_1;1
V4;14;22;alta;1;b_1;1
V4;14;23;alta;1;b_1;0
V4;14;24;alta;1;b_1;0
V4;14;25;alta;1;b_1;0
V4;14;26;alta;1;b_1;0
V4;14;27;alta;1;b_1;0
V4;14;28;alta;1;b_1;0
V4;14;29;alta;1;b_1;0
V4;14;30;alta;1;b_1;0
V4;14;31;alta;1;b_1;0
V4;14;32;alta;1;b_1;0
V4;14;33;alta;1;b_1;0
V4;14;34;alta;1;b_1;0
V4;14;35;alta;1;b_1;3
V4;14;36;alta;1;b_1;0
V4;14;37;alta;1;b_1;0
V4;14;38;alta;1;b_1;0
V4;14;39;alta;1;b_1;0
V4;14;40;alta;1;b_1;0
V5-V6;21;1;alta;1;b_1;0
V5-V6;21;2;alta;1;b_1;0
V5-V6;21;3;alta;1;b_1;2
V5-V6;21;4;alta;1;b_1;0
V5-V6;21;5;alta;1;b_1;0
V5-V6;21;6;alta;1;b_1;1
V5-V6;21;7;alta;1;b_1;0
V5-V6;21;8;alta;1;b_1;0
V5-V6;21;9;alta;1;b_1;1
V5-V6;21;10;alta;1;b_1;0
V5-V6;21;11;alta;1;b_1;0
V5-V6;21;12;alta;1;b_1;0
V5-V6;21;13;alta;1;b_1;1
V5-V6;21;14;alta;1;b_1;0
V5-V6;21;15;alta;1;b_1;0
V5-V6;21;16;alta;1;b_1;2
V5-V6;21;17;alta;1;b_1;0
V5-V6;21;18;alta;1;b_1;1
V5-V6;21;19;alta;1;b_1;2
V5-V6;21;20;alta;1;b_1;0
V5-V6;21;21;alta;1;b_1;2
V5-V6;21;22;alta;1;b_1;0
V5-V6;21;23;alta;1;b_1;0
V5-V6;21;24;alta;1;b_1;2
V5-V6;21;25;alta;1;b_1;2
V5-V6;21;26;alta;1;b_1;1
V5-V6;21;27;alta;1;b_1;0
V5-V6;21;28;alta;1;b_1;0
V5-V6;21;29;alta;1;b_1;2
V5-V6;21;30;alta;1;b_1;1
V5-V6;21;31;alta;1;b_1;0
V5-V6;21;32;alta;1;b_1;1
V5-V6;21;33;alta;1;b_1;0
V5-V6;21;34;alta;1;b_1;1
V5-V6;21;35;alta;1;b_1;0
V5-V6;21;36;alta;1;b_1;1
V5-V6;21;37;alta;1;b_1;2
V5-V6;21;38;alta;1;b_1;0
V5-V6;21;39;alta;1;b_1;2
V5-V6;21;40;alta;1;b_1;0
V8;28;1;alta;1;b_1;1
V8;28;2;alta;1;b_1;0
V8;28;3;alta;1;b_1;0
V8;28;4;alta;1;b_1;0
V8;28;5;alta;1;b_1;0
V8;28;6;alta;1;b_1;2
V8;28;7;alta;1;b_1;0
V8;28;8;alta;1;b_1;0
V8;28;9;alta;1;b_1;0
V8;28;10;alta;1;b_1;1
V8;28;11;alta;1;b_1;1
V8;28;12;alta;1;b_1;0
V8;28;13;alta;1;b_1;2
V8;28;14;alta;1;b_1;0
V8;28;15;alta;1;b_1;0
V8;28;16;alta;1;b_1;0
V8;28;17;alta;1;b_1;1
V8;28;18;alta;1;b_1;0
V8;28;19;alta;1;b_1;0
V8;28;20;alta;1;b_1;0
V8;28;21;alta;1;b_1;0
V8;28;22;alta;1;b_1;1
V8;28;23;alta;1;b_1;1
V8;28;24;alta;1;b_1;0
V8;28;25;alta;1;b_1;0
V8;28;26;alta;1;b_1;2
V8;28;27;alta;1;b_1;0
V8;28;28;alta;1;b_1;0
V8;28;29;alta;1;b_1;1
V8;28;30;alta;1;b_1;0
V8;28;31;alta;1;b_1;0
V8;28;32;alta;1;b_1;0
V8;28;33;alta;1;b_1;0
V8;28;34;alta;1;b_1;0
V8;28;35;alta;1;b_1;0
V8;28;36;alta;1;b_1;1
V8;28;37;alta;1;b_1;0
V8;28;38;alta;1;b_1;0
V8;28;39;alta;1;b_1;0
V8;28;40;alta;1;b_1;1
V3-V4;7;1;baixa;2;c_2;1
V3-V4;7;2;baixa;2;c_2;0
V3-V4;7;3;baixa;2;c_2;1
V3-V4;7;4;baixa;2;c_2;0
V3-V4;7;5;baixa;2;c_2;0
V3-V4;7;6;baixa;2;c_2;0
V3-V4;7;7;baixa;2;c_2;0
V3-V4;7;8;baixa;2;c_2;0
V3-V4;7;9;baixa;2;c_2;0
V3-V4;7;10;baixa;2;c_2;0
V3-V4;7;11;baixa;2;c_2;0
V3-V4;7;12;baixa;2;c_2;0
V3-V4;7;13;baixa;2;c_2;0
V3-V4;7;14;baixa;2;c_2;0
V3-V4;7;15;baixa;2;c_2;0
V3-V4;7;16;baixa;2;c_2;0
V3-V4;7;17;baixa;2;c_2;0
V3-V4;7;18;baixa;2;c_2;0
V3-V4;7;19;baixa;2;c_2;0
V3-V4;7;20;baixa;2;c_2;0
V3-V4;7;21;baixa;2;c_2;0
V3-V4;7;22;baixa;2;c_2;0
V3-V4;7;23;baixa;2;c_2;0
V3-V4;7;24;baixa;2;c_2;0
V3-V4;7;25;baixa;2;c_2;1
V3-V4;7;26;baixa;2;c_2;0
V3-V4;7;27;baixa;2;c_2;0
V3-V4;7;28;baixa;2;c_2;0
V3-V4;7;29;baixa;2;c_2;0
V3-V4;7;30;baixa;2;c_2;0
V3-V4;7;31;baixa;2;c_2;0
V3-V4;7;32;baixa;2;c_2;0
V3-V4;7;33;baixa;2;c_2;0
V3-V4;7;34;baixa;2;c_2;0
V3-V4;7;35;baixa;2;c_2;0
V3-V4;7;36;baixa;2;c_2;0
V3-V4;7;37;baixa;2;c_2;0
V3-V4;7;38;baixa;2;c_2;0
V3-V4;7;39;baixa;2;c_2;0
V3-V4;7;40;baixa;2;c_2;0
V4;14;1;baixa;2;c_2;0
V4;14;2;baixa;2;c_2;0
V4;14;3;baixa;2;c_2;0
V4;14;4;baixa;2;c_2;1
V4;14;5;baixa;2;c_2;0
V4;14;6;baixa;2;c_2;1
V4;14;7;baixa;2;c_2;0
V4;14;8;baixa;2;c_2;0
V4;14;9;baixa;2;c_2;0
V4;14;10;baixa;2;c_2;0
V4;14;11;baixa;2;c_2;0
V4;14;12;baixa;2;c_2;0
V4;14;13;baixa;2;c_2;0
V4;14;14;baixa;2;c_2;1
V4;14;15;baixa;2;c_2;1
V4;14;16;baixa;2;c_2;2
V4;14;17;baixa;2;c_2;0
V4;14;18;baixa;2;c_2;0
V4;14;19;baixa;2;c_2;3
V4;14;20;baixa;2;c_2;2
V4;14;21;baixa;2;c_2;1
V4;14;22;baixa;2;c_2;2
V4;14;23;baixa;2;c_2;0
V4;14;24;baixa;2;c_2;1
V4;14;25;baixa;2;c_2;1
V4;14;26;baixa;2;c_2;0
V4;14;27;baixa;2;c_2;2
V4;14;28;baixa;2;c_2;1
V4;14;29;baixa;2;c_2;0
V4;14;30;baixa;2;c_2;1
V4;14;31;baixa;2;c_2;1
V4;14;32;baixa;2;c_2;1
V4;14;33;baixa;2;c_2;0
V4;14;34;baixa;2;c_2;3
V4;14;35;baixa;2;c_2;0
V4;14;36;baixa;2;c_2;0
V4;14;37;baixa;2;c_2;1
V4;14;38;baixa;2;c_2;0
V4;14;39;baixa;2;c_2;2
V4;14;40;baixa;2;c_2;0
V5-V6;21;1;baixa;2;c_2;1
V5-V6;21;2;baixa;2;c_2;0
V5-V6;21;3;baixa;2;c_2;1
V5-V6;21;4;baixa;2;c_2;0
V5-V6;21;5;baixa;2;c_2;0
V5-V6;21;6;baixa;2;c_2;1
V5-V6;21;7;baixa;2;c_2;0
V5-V6;21;8;baixa;2;c_2;1
V5-V6;21;9;baixa;2;c_2;1
V5-V6;21;10;baixa;2;c_2;2
V5-V6;21;11;baixa;2;c_2;1
V5-V6;21;12;baixa;2;c_2;0
V5-V6;21;13;baixa;2;c_2;0
V5-V6;21;14;baixa;2;c_2;1
V5-V6;21;15;baixa;2;c_2;0
V5-V6;21;16;baixa;2;c_2;0
V5-V6;21;17;baixa;2;c_2;0
V5-V6;21;18;baixa;2;c_2;0
V5-V6;21;19;baixa;2;c_2;0
V5-V6;21;20;baixa;2;c_2;0
V5-V6;21;21;baixa;2;c_2;0
V5-V6;21;22;baixa;2;c_2;0
V5-V6;21;23;baixa;2;c_2;0
V5-V6;21;24;baixa;2;c_2;0
V5-V6;21;25;baixa;2;c_2;0
V5-V6;21;26;baixa;2;c_2;0
V5-V6;21;27;baixa;2;c_2;0
V5-V6;21;28;baixa;2;c_2;0
V5-V6;21;29;baixa;2;c_2;0
V5-V6;21;30;baixa;2;c_2;0
V5-V6;21;31;baixa;2;c_2;0
V5-V6;21;32;baixa;2;c_2;0
V5-V6;21;33;baixa;2;c_2;0
V5-V6;21;34;baixa;2;c_2;1
V5-V6;21;35;baixa;2;c_2;0
V5-V6;21;36;baixa;2;c_2;2
V5-V6;21;37;baixa;2;c_2;1
V5-V6;21;38;baixa;2;c_2;2
V5-V6;21;39;baixa;2;c_2;0
V5-V6;21;40;baixa;2;c_2;1
V8;28;1;baixa;2;c_2;0
V8;28;2;baixa;2;c_2;0
V8;28;3;baixa;2;c_2;0
V8;28;4;baixa;2;c_2;0
V8;28;5;baixa;2;c_2;1
V8;28;6;baixa;2;c_2;0
V8;28;7;baixa;2;c_2;1
V8;28;8;baixa;2;c_2;0
V8;28;9;baixa;2;c_2;1
V8;28;10;baixa;2;c_2;0
V8;28;11;baixa;2;c_2;0
V8;28;12;baixa;2;c_2;0
V8;28;13;baixa;2;c_2;1
V8;28;14;baixa;2;c_2;0
V8;28;15;baixa;2;c_2;0
V8;28;16;baixa;2;c_2;0
V8;28;17;baixa;2;c_2;0
V8;28;18;baixa;2;c_2;0
V8;28;19;baixa;2;c_2;2
V8;28;20;baixa;2;c_2;1
V8;28;21;baixa;2;c_2;0
V8;28;22;baixa;2;c_2;0
V8;28;23;baixa;2;c_2;0
V8;28;24;baixa;2;c_2;3
V8;28;25;baixa;2;c_2;0
V8;28;26;baixa;2;c_2;1
V8;28;27;baixa;2;c_2;0
V8;28;28;baixa;2;c_2;0
V8;28;29;baixa;2;c_2;1
V8;28;30;baixa;2;c_2;0
V8;28;31;baixa;2;c_2;0
V8;28;32;baixa;2;c_2;0
V8;28;33;baixa;2;c_2;0
V8;28;34;baixa;2;c_2;0
V8;28;35;baixa;2;c_2;0
V8;28;36;baixa;2;c_2;0
V8;28;37;baixa;2;c_2;1
V8;28;38;baixa;2;c_2;1
V8;28;39;baixa;2;c_2;0
V8;28;40;baixa;2;c_2;0
V3-V4;7;1;media;2;c_2;0
V3-V4;7;2;media;2;c_2;0
V3-V4;7;3;media;2;c_2;0
V3-V4;7;4;media;2;c_2;0
V3-V4;7;5;media;2;c_2;0
V3-V4;7;6;media;2;c_2;2
V3-V4;7;7;media;2;c_2;0
V3-V4;7;8;media;2;c_2;0
V3-V4;7;9;media;2;c_2;0
V3-V4;7;10;media;2;c_2;0
V3-V4;7;11;media;2;c_2;0
V3-V4;7;12;media;2;c_2;0
V3-V4;7;13;media;2;c_2;0
V3-V4;7;14;media;2;c_2;0
V3-V4;7;15;media;2;c_2;0
V3-V4;7;16;media;2;c_2;2
V3-V4;7;17;media;2;c_2;0
V3-V4;7;18;media;2;c_2;0
V3-V4;7;19;media;2;c_2;0
V3-V4;7;20;media;2;c_2;0
V3-V4;7;21;media;2;c_2;0
V3-V4;7;22;media;2;c_2;0
V3-V4;7;23;media;2;c_2;0
V3-V4;7;24;media;2;c_2;0
V3-V4;7;25;media;2;c_2;0
V3-V4;7;26;media;2;c_2;1
V3-V4;7;27;media;2;c_2;0
V3-V4;7;28;media;2;c_2;1
V3-V4;7;29;media;2;c_2;2
V3-V4;7;30;media;2;c_2;0
V3-V4;7;31;media;2;c_2;0
V3-V4;7;32;media;2;c_2;1
V3-V4;7;33;media;2;c_2;0
V3-V4;7;34;media;2;c_2;0
V3-V4;7;35;media;2;c_2;0
V3-V4;7;36;media;2;c_2;0
V3-V4;7;37;media;2;c_2;0
V3-V4;7;38;media;2;c_2;0
V3-V4;7;39;media;2;c_2;0
V3-V4;7;40;media;2;c_2;0
V4;14;1;media;2;c_2;0
V4;14;2;media;2;c_2;0
V4;14;3;media;2;c_2;0
V4;14;4;media;2;c_2;0
V4;14;5;media;2;c_2;1
V4;14;6;media;2;c_2;0
V4;14;7;media;2;c_2;0
V4;14;8;media;2;c_2;0
V4;14;9;media;2;c_2;0
V4;14;10;media;2;c_2;0
V4;14;11;media;2;c_2;0
V4;14;12;media;2;c_2;0
V4;14;13;media;2;c_2;0
V4;14;14;media;2;c_2;0
V4;14;15;media;2;c_2;0
V4;14;16;media;2;c_2;0
V4;14;17;media;2;c_2;0
V4;14;18;media;2;c_2;1
V4;14;19;media;2;c_2;1
V4;14;20;media;2;c_2;0
V4;14;21;media;2;c_2;0
V4;14;22;media;2;c_2;0
V4;14;23;media;2;c_2;0
V4;14;24;media;2;c_2;0
V4;14;25;media;2;c_2;0
V4;14;26;media;2;c_2;1
V4;14;27;media;2;c_2;0
V4;14;28;media;2;c_2;1
V4;14;29;media;2;c_2;0
V4;14;30;media;2;c_2;0
V4;14;31;media;2;c_2;0
V4;14;32;media;2;c_2;0
V4;14;33;media;2;c_2;0
V4;14;34;media;2;c_2;0
V4;14;35;media;2;c_2;0
V4;14;36;media;2;c_2;0
V4;14;37;media;2;c_2;0
V4;14;38;media;2;c_2;0
V4;14;39;media;2;c_2;1
V4;14;40;media;2;c_2;0
V5-V6;21;1;media;2;c_2;0
V5-V6;21;2;media;2;c_2;0
V5-V6;21;3;media;2;c_2;0
V5-V6;21;4;media;2;c_2;0
V5-V6;21;5;media;2;c_2;0
V5-V6;21;6;media;2;c_2;0
V5-V6;21;7;media;2;c_2;1
V5-V6;21;8;media;2;c_2;0
V5-V6;21;9;media;2;c_2;0
V5-V6;21;10;media;2;c_2;1
V5-V6;21;11;media;2;c_2;0
V5-V6;21;12;media;2;c_2;0
V5-V6;21;13;media;2;c_2;0
V5-V6;21;14;media;2;c_2;0
V5-V6;21;15;media;2;c_2;1
V5-V6;21;16;media;2;c_2;0
V5-V6;21;17;media;2;c_2;0
V5-V6;21;18;media;2;c_2;0
V5-V6;21;19;media;2;c_2;0
V5-V6;21;20;media;2;c_2;0
V5-V6;21;21;media;2;c_2;0
V5-V6;21;22;media;2;c_2;0
V5-V6;21;23;media;2;c_2;0
V5-V6;21;24;media;2;c_2;2
V5-V6;21;25;media;2;c_2;0
V5-V6;21;26;media;2;c_2;0
V5-V6;21;27;media;2;c_2;2
V5-V6;21;28;media;2;c_2;1
V5-V6;21;29;media;2;c_2;0
V5-V6;21;30;media;2;c_2;1
V5-V6;21;31;media;2;c_2;0
V5-V6;21;32;media;2;c_2;1
V5-V6;21;33;media;2;c_2;0
V5-V6;21;34;media;2;c_2;1
V5-V6;21;35;media;2;c_2;2
V5-V6;21;36;media;2;c_2;0
V5-V6;21;37;media;2;c_2;0
V5-V6;21;38;media;2;c_2;0
V5-V6;21;39;media;2;c_2;0
V5-V6;21;40;media;2;c_2;0
V8;28;1;media;2;c_2;0
V8;28;2;media;2;c_2;0
V8;28;3;media;2;c_2;2
V8;28;4;media;2;c_2;0
V8;28;5;media;2;c_2;0
V8;28;6;media;2;c_2;0
V8;28;7;media;2;c_2;1
V8;28;8;media;2;c_2;0
V8;28;9;media;2;c_2;0
V8;28;10;media;2;c_2;0
V8;28;11;media;2;c_2;0
V8;28;12;media;2;c_2;0
V8;28;13;media;2;c_2;0
V8;28;14;media;2;c_2;2
V8;28;15;media;2;c_2;0
V8;28;16;media;2;c_2;0
V8;28;17;media;2;c_2;1
V8;28;18;media;2;c_2;0
V8;28;19;media;2;c_2;0
V8;28;20;media;2;c_2;0
V8;28;21;media;2;c_2;0
V8;28;22;media;2;c_2;0
V8;28;23;media;2;c_2;0
V8;28;24;media;2;c_2;0
V8;28;25;media;2;c_2;0
V8;28;26;media;2;c_2;1
V8;28;27;media;2;c_2;0
V8;28;28;media;2;c_2;0
V8;28;29;media;2;c_2;1
V8;28;30;media;2;c_2;0
V8;28;31;media;2;c_2;0
V8;28;32;media;2;c_2;0
V8;28;33;media;2;c_2;0
V8;28;34;media;2;c_2;1
V8;28;35;media;2;c_2;0
V8;28;36;media;2;c_2;0
V8;28;37;media;2;c_2;0
V8;28;38;media;2;c_2;0
V8;28;39;media;2;c_2;0
V8;28;40;media;2;c_2;0
V3-V4;7;1;alta;2;c_2;0
V3-V4;7;2;alta;2;c_2;0
V3-V4;7;3;alta;2;c_2;0
V3-V4;7;4;alta;2;c_2;0
V3-V4;7;5;alta;2;c_2;0
V3-V4;7;6;alta;2;c_2;0
V3-V4;7;7;alta;2;c_2;0
V3-V4;7;8;alta;2;c_2;0
V3-V4;7;9;alta;2;c_2;0
V3-V4;7;10;alta;2;c_2;0
V3-V4;7;11;alta;2;c_2;0
V3-V4;7;12;alta;2;c_2;0
V3-V4;7;13;alta;2;c_2;0
V3-V4;7;14;alta;2;c_2;0
V3-V4;7;15;alta;2;c_2;0
V3-V4;7;16;alta;2;c_2;0
V3-V4;7;17;alta;2;c_2;0
V3-V4;7;18;alta;2;c_2;3
V3-V4;7;19;alta;2;c_2;0
V3-V4;7;20;alta;2;c_2;0
V3-V4;7;21;alta;2;c_2;0
V3-V4;7;22;alta;2;c_2;0
V3-V4;7;23;alta;2;c_2;0
V3-V4;7;24;alta;2;c_2;0
V3-V4;7;25;alta;2;c_2;0
V3-V4;7;26;alta;2;c_2;0
V3-V4;7;27;alta;2;c_2;0
V3-V4;7;28;alta;2;c_2;0
V3-V4;7;29;alta;2;c_2;0
V3-V4;7;30;alta;2;c_2;0
V3-V4;7;31;alta;2;c_2;0
V3-V4;7;32;alta;2;c_2;0
V3-V4;7;33;alta;2;c_2;0
V3-V4;7;34;alta;2;c_2;0
V3-V4;7;35;alta;2;c_2;0
V3-V4;7;36;alta;2;c_2;0
V3-V4;7;37;alta;2;c_2;0
V3-V4;7;38;alta;2;c_2;0
V3-V4;7;39;alta;2;c_2;0
V3-V4;7;40;alta;2;c_2;0
V4;14;1;alta;2;c_2;0
V4;14;2;alta;2;c_2;0
V4;14;3;alta;2;c_2;0
V4;14;4;alta;2;c_2;0
V4;14;5;alta;2;c_2;0
V4;14;6;alta;2;c_2;0
V4;14;7;alta;2;c_2;0
V4;14;8;alta;2;c_2;0
V4;14;9;alta;2;c_2;2
V4;14;10;alta;2;c_2;0
V4;14;11;alta;2;c_2;0
V4;14;12;alta;2;c_2;0
V4;14;13;alta;2;c_2;0
V4;14;14;alta;2;c_2;0
V4;14;15;alta;2;c_2;0
V4;14;16;alta;2;c_2;0
V4;14;17;alta;2;c_2;0
V4;14;18;alta;2;c_2;0
V4;14;19;alta;2;c_2;0
V4;14;20;alta;2;c_2;0
V4;14;21;alta;2;c_2;0
V4;14;22;alta;2;c_2;0
V4;14;23;alta;2;c_2;0
V4;14;24;alta;2;c_2;1
V4;14;25;alta;2;c_2;0
V4;14;26;alta;2;c_2;1
V4;14;27;alta;2;c_2;0
V4;14;28;alta;2;c_2;0
V4;14;29;alta;2;c_2;1
V4;14;30;alta;2;c_2;0
V4;14;31;alta;2;c_2;0
V4;14;32;alta;2;c_2;0
V4;14;33;alta;2;c_2;1
V4;14;34;alta;2;c_2;0
V4;14;35;alta;2;c_2;0
V4;14;36;alta;2;c_2;0
V4;14;37;alta;2;c_2;0
V4;14;38;alta;2;c_2;0
V4;14;39;alta;2;c_2;0
V4;14;40;alta;2;c_2;1
V5-V6;21;1;alta;2;c_2;0
V5-V6;21;2;alta;2;c_2;0
V5-V6;21;3;alta;2;c_2;0
V5-V6;21;4;alta;2;c_2;0
V5-V6;21;5;alta;2;c_2;0
V5-V6;21;6;alta;2;c_2;0
V5-V6;21;7;alta;2;c_2;1
V5-V6;21;8;alta;2;c_2;0
V5-V6;21;9;alta;2;c_2;0
V5-V6;21;10;alta;2;c_2;0
V5-V6;21;11;alta;2;c_2;0
V5-V6;21;12;alta;2;c_2;0
V5-V6;21;13;alta;2;c_2;1
V5-V6;21;14;alta;2;c_2;0
V5-V6;21;15;alta;2;c_2;0
V5-V6;21;16;alta;2;c_2;0
V5-V6;21;17;alta;2;c_2;0
V5-V6;21;18;alta;2;c_2;1
V5-V6;21;19;alta;2;c_2;0
V5-V6;21;20;alta;2;c_2;0
V5-V6;21;21;alta;2;c_2;0
V5-V6;21;22;alta;2;c_2;1
V5-V6;21;23;alta;2;c_2;1
V5-V6;21;24;alta;2;c_2;0
V5-V6;21;25;alta;2;c_2;0
V5-V6;21;26;alta;2;c_2;1
V5-V6;21;27;alta;2;c_2;1
V5-V6;21;28;alta;2;c_2;0
V5-V6;21;29;alta;2;c_2;1
V5-V6;21;30;alta;2;c_2;0
V5-V6;21;31;alta;2;c_2;1
V5-V6;21;32;alta;2;c_2;0
V5-V6;21;33;alta;2;c_2;1
V5-V6;21;34;alta;2;c_2;0
V5-V6;21;35;alta;2;c_2;0
V5-V6;21;36;alta;2;c_2;0
V5-V6;21;37;alta;2;c_2;0
V5-V6;21;38;alta;2;c_2;0
V5-V6;21;39;alta;2;c_2;1
V5-V6;21;40;alta;2;c_2;0
V8;28;1;alta;2;c_2;1
V8;28;2;alta;2;c_2;0
V8;28;3;alta;2;c_2;0
V8;28;4;alta;2;c_2;0
V8;28;5;alta;2;c_2;0
V8;28;6;alta;2;c_2;0
V8;28;7;alta;2;c_2;1
V8;28;8;alta;2;c_2;0
V8;28;9;alta;2;c_2;0
V8;28;10;alta;2;c_2;1
V8;28;11;alta;2;c_2;0
V8;28;12;alta;2;c_2;0
V8;28;13;alta;2;c_2;1
V8;28;14;alta;2;c_2;0
V8;28;15;alta;2;c_2;0
V8;28;16;alta;2;c_2;0
V8;28;17;alta;2;c_2;0
V8;28;18;alta;2;c_2;0
V8;28;19;alta;2;c_2;1
V8;28;20;alta;2;c_2;0
V8;28;21;alta;2;c_2;0
V8;28;22;alta;2;c_2;0
V8;28;23;alta;2;c_2;1
V8;28;24;alta;2;c_2;0
V8;28;25;alta;2;c_2;0
V8;28;26;alta;2;c_2;0
V8;28;27;alta;2;c_2;0
V8;28;28;alta;2;c_2;0
V8;28;29;alta;2;c_2;0
V8;28;30;alta;2;c_2;1
V8;28;31;alta;2;c_2;1
V8;28;32;alta;2;c_2;0
V8;28;33;alta;2;c_2;0
V8;28;34;alta;2;c_2;0
V8;28;35;alta;2;c_2;0
V8;28;36;alta;2;c_2;0
V8;28;37;alta;2;c_2;1
V8;28;38;alta;2;c_2;0
V8;28;39;alta;2;c_2;0
V8;28;40;alta;2;c_2;1
V4;14;1;baixa;3;d_3;0
V4;14;2;baixa;3;d_3;0
V4;14;3;baixa;3;d_3;0
V4;14;4;baixa;3;d_3;0
V4;14;5;baixa;3;d_3;0
V4;14;6;baixa;3;d_3;1
V4;14;7;baixa;3;d_3;0
V4;14;8;baixa;3;d_3;2
V4;14;9;baixa;3;d_3;0
V4;14;10;baixa;3;d_3;0
V4;14;11;baixa;3;d_3;1
V4;14;12;baixa;3;d_3;1
V4;14;13;baixa;3;d_3;0
V4;14;14;baixa;3;d_3;0
V4;14;15;baixa;3;d_3;0
V4;14;16;baixa;3;d_3;0
V4;14;17;baixa;3;d_3;1
V4;14;18;baixa;3;d_3;0
V4;14;19;baixa;3;d_3;1
V4;14;20;baixa;3;d_3;0
V4;14;21;baixa;3;d_3;0
V4;14;22;baixa;3;d_3;0
V4;14;23;baixa;3;d_3;0
V4;14;24;baixa;3;d_3;0
V4;14;25;baixa;3;d_3;0
V4;14;26;baixa;3;d_3;1
V4;14;27;baixa;3;d_3;0
V4;14;28;baixa;3;d_3;0
V4;14;29;baixa;3;d_3;1
V4;14;30;baixa;3;d_3;1
V4;14;31;baixa;3;d_3;0
V4;14;32;baixa;3;d_3;2
V4;14;33;baixa;3;d_3;1
V4;14;34;baixa;3;d_3;0
V4;14;35;baixa;3;d_3;0
V4;14;36;baixa;3;d_3;0
V4;14;37;baixa;3;d_3;1
V4;14;38;baixa;3;d_3;0
V4;14;39;baixa;3;d_3;1
V4;14;40;baixa;3;d_3;1
V5-V6;21;1;baixa;3;d_3;0
V5-V6;21;2;baixa;3;d_3;2
V5-V6;21;3;baixa;3;d_3;0
V5-V6;21;4;baixa;3;d_3;0
V5-V6;21;5;baixa;3;d_3;0
V5-V6;21;6;baixa;3;d_3;0
V5-V6;21;7;baixa;3;d_3;0
V5-V6;21;8;baixa;3;d_3;0
V5-V6;21;9;baixa;3;d_3;0
V5-V6;21;10;baixa;3;d_3;0
V5-V6;21;11;baixa;3;d_3;0
V5-V6;21;12;baixa;3;d_3;0
V5-V6;21;13;baixa;3;d_3;0
V5-V6;21;14;baixa;3;d_3;0
V5-V6;21;15;baixa;3;d_3;0
V5-V6;21;16;baixa;3;d_3;0
V5-V6;21;17;baixa;3;d_3;0
V5-V6;21;18;baixa;3;d_3;0
V5-V6;21;19;baixa;3;d_3;0
V5-V6;21;20;baixa;3;d_3;0
V5-V6;21;21;baixa;3;d_3;1
V5-V6;21;22;baixa;3;d_3;0
V5-V6;21;23;baixa;3;d_3;1
V5-V6;21;24;baixa;3;d_3;0
V5-V6;21;25;baixa;3;d_3;0
V5-V6;21;26;baixa;3;d_3;0
V5-V6;21;27;baixa;3;d_3;0
V5-V6;21;28;baixa;3;d_3;1
V5-V6;21;29;baixa;3;d_3;0
V5-V6;21;30;baixa;3;d_3;0
V5-V6;21;31;baixa;3;d_3;2
V5-V6;21;32;baixa;3;d_3;0
V5-V6;21;33;baixa;3;d_3;1
V5-V6;21;34;baixa;3;d_3;0
V5-V6;21;35;baixa;3;d_3;1
V5-V6;21;36;baixa;3;d_3;0
V5-V6;21;37;baixa;3;d_3;2
V5-V6;21;38;baixa;3;d_3;0
V5-V6;21;39;baixa;3;d_3;1
V5-V6;21;40;baixa;3;d_3;0
V8;28;1;baixa;3;d_3;1
V8;28;2;baixa;3;d_3;0
V8;28;3;baixa;3;d_3;1
V8;28;4;baixa;3;d_3;0
V8;28;5;baixa;3;d_3;0
V8;28;6;baixa;3;d_3;0
V8;28;7;baixa;3;d_3;0
V8;28;8;baixa;3;d_3;0
V8;28;9;baixa;3;d_3;0
V8;28;10;baixa;3;d_3;0
V8;28;11;baixa;3;d_3;2
V8;28;12;baixa;3;d_3;0
V8;28;13;baixa;3;d_3;0
V8;28;14;baixa;3;d_3;1
V8;28;15;baixa;3;d_3;0
V8;28;16;baixa;3;d_3;0
V8;28;17;baixa;3;d_3;0
V8;28;18;baixa;3;d_3;1
V8;28;19;baixa;3;d_3;0
V8;28;20;baixa;3;d_3;0
V8;28;21;baixa;3;d_3;0
V8;28;22;baixa;3;d_3;0
V8;28;23;baixa;3;d_3;2
V8;28;24;baixa;3;d_3;0
V8;28;25;baixa;3;d_3;1
V8;28;26;baixa;3;d_3;0
V8;28;27;baixa;3;d_3;1
V8;28;28;baixa;3;d_3;0
V8;28;29;baixa;3;d_3;0
V8;28;30;baixa;3;d_3;0
V8;28;31;baixa;3;d_3;0
V8;28;32;baixa;3;d_3;0
V8;28;33;baixa;3;d_3;2
V8;28;34;baixa;3;d_3;0
V8;28;35;baixa;3;d_3;1
V8;28;36;baixa;3;d_3;1
V8;28;37;baixa;3;d_3;2
V8;28;38;baixa;3;d_3;0
V8;28;39;baixa;3;d_3;1
V8;28;40;baixa;3;d_3;0
V4;14;1;media;3;d_3;1
V4;14;2;media;3;d_3;0
V4;14;3;media;3;d_3;1
V4;14;4;media;3;d_3;0
V4;14;5;media;3;d_3;1
V4;14;6;media;3;d_3;0
V4;14;7;media;3;d_3;1
V4;14;8;media;3;d_3;0
V4;14;9;media;3;d_3;0
V4;14;10;media;3;d_3;0
V4;14;11;media;3;d_3;0
V4;14;12;media;3;d_3;0
V4;14;13;media;3;d_3;0
V4;14;14;media;3;d_3;0
V4;14;15;media;3;d_3;0
V4;14;16;media;3;d_3;0
V4;14;17;media;3;d_3;1
V4;14;18;media;3;d_3;0
V4;14;19;media;3;d_3;0
V4;14;20;media;3;d_3;0
V4;14;21;media;3;d_3;1
V4;14;22;media;3;d_3;1
V4;14;23;media;3;d_3;0
V4;14;24;media;3;d_3;1
V4;14;25;media;3;d_3;1
V4;14;26;media;3;d_3;0
V4;14;27;media;3;d_3;0
V4;14;28;media;3;d_3;0
V4;14;29;media;3;d_3;0
V4;14;30;media;3;d_3;1
V4;14;31;media;3;d_3;1
V4;14;32;media;3;d_3;1
V4;14;33;media;3;d_3;0
V4;14;34;media;3;d_3;0
V4;14;35;media;3;d_3;2
V4;14;36;media;3;d_3;2
V4;14;37;media;3;d_3;1
V4;14;38;media;3;d_3;1
V4;14;39;media;3;d_3;2
V4;14;40;media;3;d_3;0
V5-V6;21;1;media;3;d_3;1
V5-V6;21;2;media;3;d_3;0
V5-V6;21;3;media;3;d_3;0
V5-V6;21;4;media;3;d_3;0
V5-V6;21;5;media;3;d_3;0
V5-V6;21;6;media;3;d_3;0
V5-V6;21;7;media;3;d_3;0
V5-V6;21;8;media;3;d_3;0
V5-V6;21;9;media;3;d_3;0
V5-V6;21;10;media;3;d_3;0
V5-V6;21;11;media;3;d_3;0
V5-V6;21;12;media;3;d_3;0
V5-V6;21;13;media;3;d_3;0
V5-V6;21;14;media;3;d_3;1
V5-V6;21;15;media;3;d_3;0
V5-V6;21;16;media;3;d_3;0
V5-V6;21;17;media;3;d_3;0
V5-V6;21;18;media;3;d_3;0
V5-V6;21;19;media;3;d_3;1
V5-V6;21;20;media;3;d_3;0
V5-V6;21;21;media;3;d_3;0
V5-V6;21;22;media;3;d_3;0
V5-V6;21;23;media;3;d_3;0
V5-V6;21;24;media;3;d_3;0
V5-V6;21;25;media;3;d_3;0
V5-V6;21;26;media;3;d_3;2
V5-V6;21;27;media;3;d_3;0
V5-V6;21;28;media;3;d_3;1
V5-V6;21;29;media;3;d_3;1
V5-V6;21;30;media;3;d_3;1
V5-V6;21;31;media;3;d_3;0
V5-V6;21;32;media;3;d_3;0
V5-V6;21;33;media;3;d_3;1
V5-V6;21;34;media;3;d_3;0
V5-V6;21;35;media;3;d_3;2
V5-V6;21;36;media;3;d_3;0
V5-V6;21;37;media;3;d_3;1
V5-V6;21;38;media;3;d_3;0
V5-V6;21;39;media;3;d_3;0
V5-V6;21;40;media;3;d_3;0
V8;28;1;media;3;d_3;1
V8;28;2;media;3;d_3;1
V8;28;3;media;3;d_3;1
V8;28;4;media;3;d_3;0
V8;28;5;media;3;d_3;1
V8;28;6;media;3;d_3;0
V8;28;7;media;3;d_3;1
V8;28;8;media;3;d_3;0
V8;28;9;media;3;d_3;2
V8;28;10;media;3;d_3;1
V8;28;11;media;3;d_3;0
V8;28;12;media;3;d_3;0
V8;28;13;media;3;d_3;0
V8;28;14;media;3;d_3;0
V8;28;15;media;3;d_3;1
V8;28;16;media;3;d_3;0
V8;28;17;media;3;d_3;0
V8;28;18;media;3;d_3;1
V8;28;19;media;3;d_3;0
V8;28;20;media;3;d_3;0
V8;28;21;media;3;d_3;0
V8;28;22;media;3;d_3;0
V8;28;23;media;3;d_3;0
V8;28;24;media;3;d_3;0
V8;28;25;media;3;d_3;1
V8;28;26;media;3;d_3;0
V8;28;27;media;3;d_3;0
V8;28;28;media;3;d_3;0
V8;28;29;media;3;d_3;0
V8;28;30;media;3;d_3;0
V8;28;31;media;3;d_3;0
V8;28;32;media;3;d_3;0
V8;28;33;media;3;d_3;0
V8;28;34;media;3;d_3;1
V8;28;35;media;3;d_3;0
V8;28;36;media;3;d_3;0
V8;28;37;media;3;d_3;1
V8;28;38;media;3;d_3;0
V8;28;39;media;3;d_3;1
V8;28;40;media;3;d_3;0
V4;14;1;alta;3;d_3;0
V4;14;2;alta;3;d_3;0
V4;14;3;alta;3;d_3;0
V4;14;4;alta;3;d_3;0
V4;14;5;alta;3;d_3;0
V4;14;6;alta;3;d_3;0
V4;14;7;alta;3;d_3;0
V4;14;8;alta;3;d_3;0
V4;14;9;alta;3;d_3;0
V4;14;10;alta;3;d_3;0
V4;14;11;alta;3;d_3;0
V4;14;12;alta;3;d_3;0
V4;14;13;alta;3;d_3;0
V4;14;14;alta;3;d_3;1
V4;14;15;alta;3;d_3;0
V4;14;16;alta;3;d_3;2
V4;14;17;alta;3;d_3;1
V4;14;18;alta;3;d_3;1
V4;14;19;alta;3;d_3;0
V4;14;20;alta;3;d_3;0
V4;14;21;alta;3;d_3;0
V4;14;22;alta;3;d_3;0
V4;14;23;alta;3;d_3;0
V4;14;24;alta;3;d_3;0
V4;14;25;alta;3;d_3;0
V4;14;26;alta;3;d_3;1
V4;14;27;alta;3;d_3;1
V4;14;28;alta;3;d_3;0
V4;14;29;alta;3;d_3;1
V4;14;30;alta;3;d_3;0
V4;14;31;alta;3;d_3;0
V4;14;32;alta;3;d_3;0
V4;14;33;alta;3;d_3;1
V4;14;34;alta;3;d_3;0
V4;14;35;alta;3;d_3;1
V4;14;36;alta;3;d_3;0
V4;14;37;alta;3;d_3;1
V4;14;38;alta;3;d_3;0
V4;14;39;alta;3;d_3;1
V4;14;40;alta;3;d_3;0
V5-V6;21;1;alta;3;d_3;0
V5-V6;21;2;alta;3;d_3;1
V5-V6;21;3;alta;3;d_3;0
V5-V6;21;4;alta;3;d_3;0
V5-V6;21;5;alta;3;d_3;0
V5-V6;21;6;alta;3;d_3;1
V5-V6;21;7;alta;3;d_3;0
V5-V6;21;8;alta;3;d_3;1
V5-V6;21;9;alta;3;d_3;0
V5-V6;21;10;alta;3;d_3;0
V5-V6;21;11;alta;3;d_3;0
V5-V6;21;12;alta;3;d_3;0
V5-V6;21;13;alta;3;d_3;0
V5-V6;21;14;alta;3;d_3;0
V5-V6;21;15;alta;3;d_3;0
V5-V6;21;16;alta;3;d_3;0
V5-V6;21;17;alta;3;d_3;0
V5-V6;21;18;alta;3;d_3;0
V5-V6;21;19;alta;3;d_3;0
V5-V6;21;20;alta;3;d_3;0
V5-V6;21;21;alta;3;d_3;0
V5-V6;21;22;alta;3;d_3;0
V5-V6;21;23;alta;3;d_3;0
V5-V6;21;24;alta;3;d_3;0
V5-V6;21;25;alta;3;d_3;0
V5-V6;21;26;alta;3;d_3;0
V5-V6;21;27;alta;3;d_3;0
V5-V6;21;28;alta;3;d_3;0
V5-V6;21;29;alta;3;d_3;0
V5-V6;21;30;alta;3;d_3;0
V5-V6;21;31;alta;3;d_3;0
V5-V6;21;32;alta;3;d_3;0
V5-V6;21;33;alta;3;d_3;0
V5-V6;21;34;alta;3;d_3;0
V5-V6;21;35;alta;3;d_3;0
V5-V6;21;36;alta;3;d_3;0
V5-V6;21;37;alta;3;d_3;0
V5-V6;21;38;alta;3;d_3;1
V5-V6;21;39;alta;3;d_3;0
V5-V6;21;40;alta;3;d_3;0
V8;28;1;alta;3;d_3;0
V8;28;2;alta;3;d_3;0
V8;28;3;alta;3;d_3;0
V8;28;4;alta;3;d_3;0
V8;28;5;alta;3;d_3;0
V8;28;6;alta;3;d_3;0
V8;28;7;alta;3;d_3;0
V8;28;8;alta;3;d_3;1
V8;28;9;alta;3;d_3;0
V8;28;10;alta;3;d_3;0
V8;28;11;alta;3;d_3;0
V8;28;12;alta;3;d_3;0
V8;28;13;alta;3;d_3;0
V8;28;14;alta;3;d_3;0
V8;28;15;alta;3;d_3;0
V8;28;16;alta;3;d_3;0
V8;28;17;alta;3;d_3;0
V8;28;18;alta;3;d_3;0
V8;28;19;alta;3;d_3;0
V8;28;20;alta;3;d_3;0
V8;28;21;alta;3;d_3;0
V8;28;22;alta;3;d_3;0
V8;28;23;alta;3;d_3;0
V8;28;24;alta;3;d_3;0
V8;28;25;alta;3;d_3;0
V8;28;26;alta;3;d_3;0
V8;28;27;alta;3;d_3;1
V8;28;28;alta;3;d_3;0
V8;28;29;alta;3;d_3;1
V8;28;30;alta;3;d_3;0
V8;28;31;alta;3;d_3;0
V8;28;32;alta;3;d_3;2
V8;28;33;alta;3;d_3;1
V8;28;34;alta;3;d_3;0
V8;28;35;alta;3;d_3;0
V8;28;36;alta;3;d_3;1
V8;28;37;alta;3;d_3;0
V8;28;38;alta;3;d_3;1
V8;28;39;alta;3;d_3;0
V8;28;40;alta;3;d_3;0
V5-V6;21;1;baixa;4;e_4;0
V5-V6;21;2;baixa;4;e_4;0
V5-V6;21;3;baixa;4;e_4;0
V5-V6;21;4;baixa;4;e_4;1
V5-V6;21;5;baixa;4;e_4;0
V5-V6;21;6;baixa;4;e_4;0
V5-V6;21;7;baixa;4;e_4;0
V5-V6;21;8;baixa;4;e_4;0
V5-V6;21;9;baixa;4;e_4;0
V5-V6;21;10;baixa;4;e_4;1
V5-V6;21;11;baixa;4;e_4;0
V5-V6;21;12;baixa;4;e_4;0
V5-V6;21;13;baixa;4;e_4;0
V5-V6;21;14;baixa;4;e_4;1
V5-V6;21;15;baixa;4;e_4;0
V5-V6;21;16;baixa;4;e_4;0
V5-V6;21;17;baixa;4;e_4;0
V5-V6;21;18;baixa;4;e_4;0
V5-V6;21;19;baixa;4;e_4;0
V5-V6;21;20;baixa;4;e_4;0
V5-V6;21;21;baixa;4;e_4;0
V5-V6;21;22;baixa;4;e_4;0
V5-V6;21;23;baixa;4;e_4;0
V5-V6;21;24;baixa;4;e_4;0
V5-V6;21;25;baixa;4;e_4;0
V5-V6;21;26;baixa;4;e_4;0
V5-V6;21;27;baixa;4;e_4;0
V5-V6;21;28;baixa;4;e_4;0
V5-V6;21;29;baixa;4;e_4;0
V5-V6;21;30;baixa;4;e_4;0
V5-V6;21;31;baixa;4;e_4;0
V5-V6;21;32;baixa;4;e_4;0
V5-V6;21;33;baixa;4;e_4;0
V5-V6;21;34;baixa;4;e_4;0
V5-V6;21;35;baixa;4;e_4;0
V5-V6;21;36;baixa;4;e_4;0
V5-V6;21;37;baixa;4;e_4;0
V5-V6;21;38;baixa;4;e_4;0
V5-V6;21;39;baixa;4;e_4;1
V5-V6;21;40;baixa;4;e_4;0
V8;28;1;baixa;4;e_4;0
V8;28;2;baixa;4;e_4;0
V8;28;3;baixa;4;e_4;0
V8;28;4;baixa;4;e_4;0
V8;28;5;baixa;4;e_4;0
V8;28;6;baixa;4;e_4;0
V8;28;7;baixa;4;e_4;0
V8;28;8;baixa;4;e_4;0
V8;28;9;baixa;4;e_4;0
V8;28;10;baixa;4;e_4;0
V8;28;11;baixa;4;e_4;0
V8;28;12;baixa;4;e_4;0
V8;28;13;baixa;4;e_4;0
V8;28;14;baixa;4;e_4;0
V8;28;15;baixa;4;e_4;0
V8;28;16;baixa;4;e_4;0
V8;28;17;baixa;4;e_4;0
V8;28;18;baixa;4;e_4;0
V8;28;19;baixa;4;e_4;0
V8;28;20;baixa;4;e_4;0
V8;28;21;baixa;4;e_4;0
V8;28;22;baixa;4;e_4;0
V8;28;23;baixa;4;e_4;0
V8;28;24;baixa;4;e_4;0
V8;28;25;baixa;4;e_4;1
V8;28;26;baixa;4;e_4;0
V8;28;27;baixa;4;e_4;0
V8;28;28;baixa;4;e_4;0
V8;28;29;baixa;4;e_4;0
V8;28;30;baixa;4;e_4;0
V8;28;31;baixa;4;e_4;0
V8;28;32;baixa;4;e_4;0
V8;28;33;baixa;4;e_4;0
V8;28;34;baixa;4;e_4;0
V8;28;35;baixa;4;e_4;0
V8;28;36;baixa;4;e_4;0
V8;28;37;baixa;4;e_4;1
V8;28;38;baixa;4;e_4;0
V8;28;39;baixa;4;e_4;0
V8;28;40;baixa;4;e_4;0
V5-V6;21;1;media;4;e_4;1
V5-V6;21;2;media;4;e_4;0
V5-V6;21;3;media;4;e_4;0
V5-V6;21;4;media;4;e_4;0
V5-V6;21;5;media;4;e_4;0
V5-V6;21;6;media;4;e_4;0
V5-V6;21;7;media;4;e_4;0
V5-V6;21;8;media;4;e_4;0
V5-V6;21;9;media;4;e_4;0
V5-V6;21;10;media;4;e_4;0
V5-V6;21;11;media;4;e_4;0
V5-V6;21;12;media;4;e_4;0
V5-V6;21;13;media;4;e_4;0
V5-V6;21;14;media;4;e_4;0
V5-V6;21;15;media;4;e_4;0
V5-V6;21;16;media;4;e_4;1
V5-V6;21;17;media;4;e_4;0
V5-V6;21;18;media;4;e_4;0
V5-V6;21;19;media;4;e_4;0
V5-V6;21;20;media;4;e_4;0
V5-V6;21;21;media;4;e_4;0
V5-V6;21;22;media;4;e_4;0
V5-V6;21;23;media;4;e_4;0
V5-V6;21;24;media;4;e_4;0
V5-V6;21;25;media;4;e_4;0
V5-V6;21;26;media;4;e_4;0
V5-V6;21;27;media;4;e_4;0
V5-V6;21;28;media;4;e_4;0
V5-V6;21;29;media;4;e_4;0
V5-V6;21;30;media;4;e_4;0
V5-V6;21;31;media;4;e_4;0
V5-V6;21;32;media;4;e_4;1
V5-V6;21;33;media;4;e_4;2
V5-V6;21;34;media;4;e_4;0
V5-V6;21;35;media;4;e_4;0
V5-V6;21;36;media;4;e_4;0
V5-V6;21;37;media;4;e_4;1
V5-V6;21;38;media;4;e_4;0
V5-V6;21;39;media;4;e_4;0
V5-V6;21;40;media;4;e_4;0
V8;28;1;media;4;e_4;0
V8;28;2;media;4;e_4;0
V8;28;3;media;4;e_4;0
V8;28;4;media;4;e_4;0
V8;28;5;media;4;e_4;0
V8;28;6;media;4;e_4;0
V8;28;7;media;4;e_4;0
V8;28;8;media;4;e_4;0
V8;28;9;media;4;e_4;0
V8;28;10;media;4;e_4;0
V8;28;11;media;4;e_4;0
V8;28;12;media;4;e_4;0
V8;28;13;media;4;e_4;0
V8;28;14;media;4;e_4;1
V8;28;15;media;4;e_4;0
V8;28;16;media;4;e_4;0
V8;28;17;media;4;e_4;1
V8;28;18;media;4;e_4;0
V8;28;19;media;4;e_4;0
V8;28;20;media;4;e_4;0
V8;28;21;media;4;e_4;0
V8;28;22;media;4;e_4;0
V8;28;23;media;4;e_4;0
V8;28;24;media;4;e_4;0
V8;28;25;media;4;e_4;0
V8;28;26;media;4;e_4;0
V8;28;27;media;4;e_4;0
V8;28;28;media;4;e_4;0
V8;28;29;media;4;e_4;0
V8;28;30;media;4;e_4;0
V8;28;31;media;4;e_4;0
V8;28;32;media;4;e_4;0
V8;28;33;media;4;e_4;1
V8;28;34;media;4;e_4;0
V8;28;35;media;4;e_4;0
V8;28;36;media;4;e_4;1
V8;28;37;media;4;e_4;0
V8;28;38;media;4;e_4;0
V8;28;39;media;4;e_4;0
V8;28;40;media;4;e_4;0
V5-V6;21;1;alta;4;e_4;0
V5-V6;21;2;alta;4;e_4;0
V5-V6;21;3;alta;4;e_4;0
V5-V6;21;4;alta;4;e_4;0
V5-V6;21;5;alta;4;e_4;0
V5-V6;21;6;alta;4;e_4;1
V5-V6;21;7;alta;4;e_4;1
V5-V6;21;8;alta;4;e_4;0
V5-V6;21;9;alta;4;e_4;0
V5-V6;21;10;alta;4;e_4;0
V5-V6;21;11;alta;4;e_4;0
V5-V6;21;12;alta;4;e_4;1
V5-V6;21;13;alta;4;e_4;0
V5-V6;21;14;alta;4;e_4;1
V5-V6;21;15;alta;4;e_4;2
V5-V6;21;16;alta;4;e_4;0
V5-V6;21;17;alta;4;e_4;0
V5-V6;21;18;alta;4;e_4;1
V5-V6;21;19;alta;4;e_4;0
V5-V6;21;20;alta;4;e_4;0
V5-V6;21;21;alta;4;e_4;0
V5-V6;21;22;alta;4;e_4;1
V5-V6;21;23;alta;4;e_4;0
V5-V6;21;24;alta;4;e_4;1
V5-V6;21;25;alta;4;e_4;0
V5-V6;21;26;alta;4;e_4;0
V5-V6;21;27;alta;4;e_4;2
V5-V6;21;28;alta;4;e_4;0
V5-V6;21;29;alta;4;e_4;0
V5-V6;21;30;alta;4;e_4;0
V5-V6;21;31;alta;4;e_4;0
V5-V6;21;32;alta;4;e_4;0
V5-V6;21;33;alta;4;e_4;1
V5-V6;21;34;alta;4;e_4;0
V5-V6;21;35;alta;4;e_4;0
V5-V6;21;36;alta;4;e_4;0
V5-V6;21;37;alta;4;e_4;2
V5-V6;21;38;alta;4;e_4;0
V5-V6;21;39;alta;4;e_4;0
V5-V6;21;40;alta;4;e_4;0
V8;28;1;alta;4;e_4;0
V8;28;2;alta;4;e_4;1
V8;28;3;alta;4;e_4;0
V8;28;4;alta;4;e_4;0
V8;28;5;alta;4;e_4;1
V8;28;6;alta;4;e_4;0
V8;28;7;alta;4;e_4;0
V8;28;8;alta;4;e_4;0
V8;28;9;alta;4;e_4;0
V8;28;10;alta;4;e_4;0
V8;28;11;alta;4;e_4;0
V8;28;12;alta;4;e_4;0
V8;28;13;alta;4;e_4;0
V8;28;14;alta;4;e_4;0
V8;28;15;alta;4;e_4;0
V8;28;16;alta;4;e_4;0
V8;28;17;alta;4;e_4;0
V8;28;18;alta;4;e_4;0
V8;28;19;alta;4;e_4;0
V8;28;20;alta;4;e_4;0
V8;28;21;alta;4;e_4;0
V8;28;22;alta;4;e_4;0
V8;28;23;alta;4;e_4;0
V8;28;24;alta;4;e_4;0
V8;28;25;alta;4;e_4;1
V8;28;26;alta;4;e_4;0
V8;28;27;alta;4;e_4;0
V8;28;28;alta;4;e_4;0
V8;28;29;alta;4;e_4;0
V8;28;30;alta;4;e_4;0
V8;28;31;alta;4;e_4;0
V8;28;32;alta;4;e_4;0
V8;28;33;alta;4;e_4;0
V8;28;34;alta;4;e_4;0
V8;28;35;alta;4;e_4;0
V8;28;36;alta;4;e_4;0
V8;28;37;alta;4;e_4;0
V8;28;38;alta;4;e_4;0
V8;28;39;alta;4;e_4;0
V8;28;40;alta;4;e_4;0
V8;28;1;baixa;5;f_5;0
V8;28;2;baixa;5;f_5;0
V8;28;3;baixa;5;f_5;0
V8;28;4;baixa;5;f_5;0
V8;28;5;baixa;5;f_5;0
V8;28;6;baixa;5;f_5;0
V8;28;7;baixa;5;f_5;0
V8;28;8;baixa;5;f_5;0
V8;28;9;baixa;5;f_5;0
V8;28;10;baixa;5;f_5;0
V8;28;11;baixa;5;f_5;0
V8;28;12;baixa;5;f_5;0
V8;28;13;baixa;5;f_5;0
V8;28;14;baixa;5;f_5;0
V8;28;15;baixa;5;f_5;0
V8;28;16;baixa;5;f_5;0
V8;28;17;baixa;5;f_5;0
V8;28;18;baixa;5;f_5;0
V8;28;19;baixa;5;f_5;0
V8;28;20;baixa;5;f_5;0
V8;28;21;baixa;5;f_5;0
V8;28;22;baixa;5;f_5;0
V8;28;23;baixa;5;f_5;0
V8;28;24;baixa;5;f_5;1
V8;28;25;baixa;5;f_5;0
V8;28;26;baixa;5;f_5;0
V8;28;27;baixa;5;f_5;1
V8;28;28;baixa;5;f_5;0
V8;28;29;baixa;5;f_5;0
V8;28;30;baixa;5;f_5;0
V8;28;31;baixa;5;f_5;0
V8;28;32;baixa;5;f_5;0
V8;28;33;baixa;5;f_5;0
V8;28;34;baixa;5;f_5;0
V8;28;35;baixa;5;f_5;0
V8;28;36;baixa;5;f_5;1
V8;28;37;baixa;5;f_5;0
V8;28;38;baixa;5;f_5;1
V8;28;39;baixa;5;f_5;0
V8;28;40;baixa;5;f_5;0
V8;28;1;media;5;f_5;0
V8;28;2;media;5;f_5;0
V8;28;3;media;5;f_5;0
V8;28;4;media;5;f_5;0
V8;28;5;media;5;f_5;0
V8;28;6;media;5;f_5;0
V8;28;7;media;5;f_5;0
V8;28;8;media;5;f_5;0
V8;28;9;media;5;f_5;0
V8;28;10;media;5;f_5;0
V8;28;11;media;5;f_5;0
V8;28;12;media;5;f_5;1
V8;28;13;media;5;f_5;0
V8;28;14;media;5;f_5;0
V8;28;15;media;5;f_5;1
V8;28;16;media;5;f_5;0
V8;28;17;media;5;f_5;0
V8;28;18;media;5;f_5;0
V8;28;19;media;5;f_5;0
V8;28;20;media;5;f_5;0
V8;28;21;media;5;f_5;0
V8;28;22;media;5;f_5;0
V8;28;23;media;5;f_5;0
V8;28;24;media;5;f_5;0
V8;28;25;media;5;f_5;1
V8;28;26;media;5;f_5;0
V8;28;27;media;5;f_5;0
V8;28;28;media;5;f_5;0
V8;28;29;media;5;f_5;0
V8;28;30;media;5;f_5;0
V8;28;31;media;5;f_5;0
V8;28;32;media;5;f_5;0
V8;28;33;media;5;f_5;0
V8;28;34;media;5;f_5;0
V8;28;35;media;5;f_5;0
V8;28;36;media;5;f_5;0
V8;28;37;media;5;f_5;0
V8;28;38;media;5;f_5;0
V8;28;39;media;5;f_5;0
V8;28;40;media;5;f_5;0
V8;28;1;alta;5;f_5;0
V8;28;2;alta;5;f_5;0
V8;28;3;alta;5;f_5;0
V8;28;4;alta;5;f_5;0
V8;28;5;alta;5;f_5;0
V8;28;6;alta;5;f_5;0
V8;28;7;alta;5;f_5;0
V8;28;8;alta;5;f_5;0
V8;28;9;alta;5;f_5;0
V8;28;10;alta;5;f_5;0
V8;28;11;alta;5;f_5;0
V8;28;12;alta;5;f_5;0
V8;28;13;alta;5;f_5;0
V8;28;14;alta;5;f_5;0
V8;28;15;alta;5;f_5;0
V8;28;16;alta;5;f_5;0
V8;28;17;alta;5;f_5;0
V8;28;18;alta;5;f_5;0
V8;28;19;alta;5;f_5;0
V8;28;20;alta;5;f_5;0
V8;28;21;alta;5;f_5;0
V8;28;22;alta;5;f_5;0
V8;28;23;alta;5;f_5;0
V8;28;24;alta;5;f_5;0
V8;28;25;alta;5;f_5;0
V8;28;26;alta;5;f_5;0
V8;28;27;alta;5;f_5;0
V8;28;28;alta;5;f_5;0
V8;28;29;alta;5;f_5;0
V8;28;30;alta;5;f_5;0
V8;28;31;alta;5;f_5;0
V8;28;32;alta;5;f_5;0
V8;28;33;alta;5;f_5;0
V8;28;34;alta;5;f_5;0
V8;28;35;alta;5;f_5;0
V8;28;36;alta;5;f_5;0
V8;28;37;alta;5;f_5;0
V8;28;38;alta;5;f_5;0
V8;28;39;alta;5;f_5;0
V8;28;40;alta;5;f_5;1
